{
	"info": {
		"_postman_id": "4c0c1900-3d4b-4b4a-b139-7fdcbb46e7f1",
		"name": "Meetup_Tests",
		"schema": "https://schema.getpostman.com/json/collection/v2.1.0/collection.json",
		"_exporter_id": "15617080"
	},
	"item": [
		{
			"name": "Get CSRF Token",
			"event": [
				{
					"listen": "test",
					"script": {
						"exec": [
							"var xsrfCookie = postman.getResponseCookie(\"XSRF-TOKEN\"); ",
							"postman.setEnvironmentVariable('xsrftoken', xsrfCookie.value);"
						],
						"type": "text/javascript"
					}
				}
			],
			"request": {
				"method": "GET",
				"header": [],
				"url": {
					"raw": "{{url}}/csrf/restore",
					"host": [
						"{{url}}"
					],
					"path": [
						"csrf",
						"restore"
					]
				}
			},
			"response": []
		},
		{
			"name": "Sign Up - Additional User for Membership Testing",
			"event": [
				{
					"listen": "test",
					"script": {
						"exec": [
							"const responseJson = pm.response.json();",
							"postman.setEnvironmentVariable('extraUserId', responseJson.id)"
						],
						"type": "text/javascript"
					}
				}
			],
			"request": {
				"method": "POST",
				"header": [
					{
						"key": "XSRF-Token",
						"value": "{{xsrftoken}}",
						"type": "text"
					}
				],
				"body": {
					"mode": "raw",
					"raw": "{\n  \"firstName\": \"aATest\",\n  \"lastName\": \"aATest\",\n  \"email\": \"test.aatest@gmail.com\",\n  \"username\": \"aatesters\",\n  \"password\": \"secret password\"\n}",
					"options": {
						"raw": {
							"language": "json"
						}
					}
				},
				"url": {
					"raw": "{{url}}/users",
					"host": [
						"{{url}}"
					],
					"path": [
						"users"
					]
				}
			},
			"response": []
		},
		{
			"name": "Sign Up",
			"event": [
				{
					"listen": "test",
					"script": {
						"exec": [
							"const responseJson = pm.response.json();",
							"postman.setEnvironmentVariable('userId', responseJson.id)"
						],
						"type": "text/javascript"
					}
				}
			],
			"request": {
				"method": "POST",
				"header": [
					{
						"key": "XSRF-Token",
						"value": "{{xsrftoken}}",
						"type": "text"
					}
				],
				"body": {
					"mode": "raw",
					"raw": "{\n  \"firstName\": \"John\",\n  \"lastName\": \"Smith\",\n  \"email\": \"john.smith@gmail.com\",\n  \"username\": \"johnnysmith\",\n  \"password\": \"secret password\"\n}",
					"options": {
						"raw": {
							"language": "json"
						}
					}
				},
				"url": {
					"raw": "{{url}}/users",
					"host": [
						"{{url}}"
					],
					"path": [
						"users"
					]
				}
			},
			"response": []
		},
		{
			"name": "Sign Up - Error Check for Duplicate Email",
			"event": [
				{
					"listen": "test",
					"script": {
						"exec": [
							""
						],
						"type": "text/javascript"
					}
				}
			],
			"request": {
				"method": "POST",
				"header": [
					{
						"key": "XSRF-Token",
						"value": "{{xsrftoken}}",
						"type": "text"
					}
				],
				"body": {
					"mode": "raw",
					"raw": "{\n  \"firstName\": \"John\",\n  \"lastName\": \"Smith\",\n  \"email\": \"john.smith@gmail.com\",\n  \"username\": \"johnnysmith\",\n  \"password\": \"secret password\"\n}",
					"options": {
						"raw": {
							"language": "json"
						}
					}
				},
				"url": {
					"raw": "{{url}}/users",
					"host": [
						"{{url}}"
					],
					"path": [
						"users"
					]
				}
			},
			"response": []
		},
		{
			"name": "Log In",
			"request": {
				"method": "POST",
				"header": [
					{
						"key": "XSRF-Token",
						"value": "{{xsrftoken}}",
						"type": "text"
					}
				],
				"body": {
					"mode": "raw",
					"raw": "{\n  \"credential\": \"john.smith@gmail.com\",\n  \"password\": \"secret password\"\n}",
					"options": {
						"raw": {
							"language": "json"
						}
					}
				},
				"url": {
					"raw": "{{url}}/session",
					"host": [
						"{{url}}"
					],
					"path": [
						"session"
					]
				}
			},
			"response": []
		},
		{
			"name": "Log In - Error Checking Invalid Credentials",
			"event": [
				{
					"listen": "prerequest",
					"script": {
						"exec": [
							""
						],
						"type": "text/javascript"
					}
				},
				{
					"listen": "test",
					"script": {
						"exec": [
							""
						],
						"type": "text/javascript"
					}
				}
			],
			"request": {
				"method": "POST",
				"header": [
					{
						"key": "XSRF-TOKEN",
						"value": "{{xsrftoken}}",
						"type": "text"
					}
				],
				"body": {
					"mode": "raw",
					"raw": "{\n  \"credential\": \"john.smith@gmail.com\",\n  \"password\": \"wrong password\"\n}",
					"options": {
						"raw": {
							"language": "json"
						}
					}
				},
				"url": {
					"raw": "{{url}}/session",
					"host": [
						"{{url}}"
					],
					"path": [
						"session"
					]
				}
			},
			"response": []
		},
		{
			"name": "Get Current User",
			"event": [
				{
					"listen": "prerequest",
					"script": {
						"exec": [
							""
						],
						"type": "text/javascript"
					}
				},
				{
					"listen": "test",
					"script": {
						"exec": [
							""
						],
						"type": "text/javascript"
					}
				}
			],
			"protocolProfileBehavior": {
				"disableBodyPruning": true
			},
			"request": {
				"method": "GET",
				"header": [
					{
						"key": "XSRF-TOKEN",
						"value": "{{xsrftoken}}",
						"type": "text"
					}
				],
				"body": {
					"mode": "raw",
					"raw": "",
					"options": {
						"raw": {
							"language": "json"
						}
					}
				},
				"url": {
					"raw": "{{url}}/users/current",
					"host": [
						"{{url}}"
					],
					"path": [
						"users",
						"current"
					]
				}
			},
			"response": []
		},
		{
			"name": "Get All Groups",
			"event": [
				{
					"listen": "prerequest",
					"script": {
						"exec": [
							""
						],
						"type": "text/javascript"
					}
				},
				{
					"listen": "test",
					"script": {
						"exec": [
							""
						],
						"type": "text/javascript"
					}
				}
			],
			"protocolProfileBehavior": {
				"disableBodyPruning": true
			},
			"request": {
				"method": "GET",
				"header": [
					{
						"key": "XSRF-TOKEN",
						"value": "{{xsrftoken}}",
						"type": "text"
					}
				],
				"body": {
					"mode": "raw",
					"raw": "",
					"options": {
						"raw": {
							"language": "json"
						}
					}
				},
				"url": {
					"raw": "{{url}}/groups",
					"host": [
						"{{url}}"
					],
					"path": [
						"groups"
					]
				}
			},
			"response": []
		},
		{
			"name": "Create a Group",
			"event": [
				{
					"listen": "prerequest",
					"script": {
						"exec": [
							""
						],
						"type": "text/javascript"
					}
				},
				{
					"listen": "test",
					"script": {
						"exec": [
							"const responseJson = pm.response.json();",
							"postman.setEnvironmentVariable('groupId', responseJson.id)"
						],
						"type": "text/javascript"
					}
				}
			],
			"request": {
				"method": "POST",
				"header": [
					{
						"key": "XSRF-TOKEN",
						"value": "{{xsrftoken}}",
						"type": "text"
					}
				],
				"body": {
					"mode": "raw",
					"raw": "{\n  \"name\": \"Evening Tennis on the Water\",\n  \"about\": \"Enjoy rounds of tennis with a tight-nit group of people on the water facing the Brooklyn Bridge. Singles or doubles.\",\n  \"type\": \"In person\",\n  \"private\": true,\n  \"city\": \"New York\",\n  \"state\": \"NY\"\n}",
					"options": {
						"raw": {
							"language": "json"
						}
					}
				},
				"url": {
					"raw": "{{url}}/groups",
					"host": [
						"{{url}}"
					],
					"path": [
						"groups"
					]
				}
			},
			"response": []
		},
		{
			"name": "Add an Image to a Group",
			"event": [
				{
					"listen": "prerequest",
					"script": {
						"exec": [
							""
						],
						"type": "text/javascript"
					}
				},
				{
					"listen": "test",
					"script": {
						"exec": [
							"const responseJson = pm.response.json();",
							"postman.setEnvironmentVariable('groupImageId', responseJson.id)"
						],
						"type": "text/javascript"
					}
				}
			],
			"request": {
				"method": "POST",
				"header": [
					{
						"key": "XSRF-TOKEN",
						"value": "{{xsrftoken}}",
						"type": "text"
					}
				],
				"body": {
					"mode": "raw",
					"raw": "{\n  \"url\": \"image.url\"\n}",
					"options": {
						"raw": {
							"language": "json"
						}
					}
				},
				"url": {
					"raw": "{{url}}/groups/{{groupId}}/images",
					"host": [
						"{{url}}"
					],
					"path": [
						"groups",
						"{{groupId}}",
						"images"
					]
				}
			},
			"response": []
		},
		{
			"name": "Add an Image to a Group - Error Check Invalid Id",
			"event": [
				{
					"listen": "prerequest",
					"script": {
						"exec": [
							""
						],
						"type": "text/javascript"
					}
				},
				{
					"listen": "test",
					"script": {
						"exec": [
							""
						],
						"type": "text/javascript"
					}
				}
			],
			"request": {
				"method": "POST",
				"header": [
					{
						"key": "XSRF-TOKEN",
						"value": "{{xsrftoken}}",
						"type": "text"
					}
				],
				"body": {
					"mode": "raw",
					"raw": "{\n  \"url\": \"image.url\"\n}",
					"options": {
						"raw": {
							"language": "json"
						}
					}
				},
				"url": {
					"raw": "{{url}}/groups/5000/images",
					"host": [
						"{{url}}"
					],
					"path": [
						"groups",
						"5000",
						"images"
					]
				}
			},
			"response": []
		},
		{
			"name": "Get All Groups By Current User",
			"event": [
				{
					"listen": "prerequest",
					"script": {
						"exec": [
							""
						],
						"type": "text/javascript"
					}
				},
				{
					"listen": "test",
					"script": {
						"exec": [
							""
						],
						"type": "text/javascript"
					}
				}
			],
			"protocolProfileBehavior": {
				"disableBodyPruning": true
			},
			"request": {
				"method": "GET",
				"header": [
					{
						"key": "XSRF-TOKEN",
						"value": "{{xsrftoken}}",
						"type": "text"
					}
				],
				"body": {
					"mode": "raw",
					"raw": "",
					"options": {
						"raw": {
							"language": "json"
						}
					}
				},
				"url": {
					"raw": "{{url}}/groups/current",
					"host": [
						"{{url}}"
					],
					"path": [
						"groups",
						"current"
					]
				}
			},
			"response": []
		},
		{
			"name": "Get Details of a Group By Id",
			"event": [
				{
					"listen": "prerequest",
					"script": {
						"exec": [
							""
						],
						"type": "text/javascript"
					}
				},
				{
					"listen": "test",
					"script": {
						"exec": [
							""
						],
						"type": "text/javascript"
					}
				}
			],
			"protocolProfileBehavior": {
				"disableBodyPruning": true
			},
			"request": {
				"method": "GET",
				"header": [
					{
						"key": "XSRF-TOKEN",
						"value": "{{xsrftoken}}",
						"type": "text"
					}
				],
				"body": {
					"mode": "raw",
					"raw": "",
					"options": {
						"raw": {
							"language": "json"
						}
					}
				},
				"url": {
					"raw": "{{url}}/groups/{{groupId}}",
					"host": [
						"{{url}}"
					],
					"path": [
						"groups",
						"{{groupId}}"
					]
				}
			},
			"response": []
		},
		{
			"name": "Edit a Group",
			"event": [
				{
					"listen": "prerequest",
					"script": {
						"exec": [
							""
						],
						"type": "text/javascript"
					}
				},
				{
					"listen": "test",
					"script": {
						"exec": [
							""
						],
						"type": "text/javascript"
					}
				}
			],
			"request": {
				"method": "PUT",
				"header": [
					{
						"key": "XSRF-TOKEN",
						"value": "{{xsrftoken}}",
						"type": "text"
					}
				],
				"body": {
					"mode": "raw",
					"raw": "{\n  \"name\": \"NEW NAME\",\n  \"about\": \"Enjoy rounds of tennis with a tight-nit group of people on the water facing the Brooklyn Bridge. Singles or doubles.\",\n  \"type\": \"In person\",\n  \"private\": true,\n  \"city\": \"New York\",\n  \"state\": \"NY\"\n}",
					"options": {
						"raw": {
							"language": "json"
						}
					}
				},
				"url": {
					"raw": "{{url}}/groups/{{groupId}}",
					"host": [
						"{{url}}"
					],
					"path": [
						"groups",
						"{{groupId}}"
					]
				}
			},
			"response": []
		},
		{
			"name": "Edit a Group - Error Check Invalid Id",
			"event": [
				{
					"listen": "prerequest",
					"script": {
						"exec": [
							""
						],
						"type": "text/javascript"
					}
				},
				{
					"listen": "test",
					"script": {
						"exec": [
							""
						],
						"type": "text/javascript"
					}
				}
			],
			"request": {
				"method": "PUT",
				"header": [
					{
						"key": "XSRF-TOKEN",
						"value": "{{xsrftoken}}",
						"type": "text"
					}
				],
				"body": {
					"mode": "raw",
					"raw": "{\n  \"name\": \"NEW NAME\",\n  \"about\": \"Enjoy rounds of tennis with a tight-nit group of people on the water facing the Brooklyn Bridge. Singles or doubles.\",\n  \"type\": \"In person\",\n  \"private\": true,\n  \"city\": \"New York\",\n  \"state\": \"NY\"\n}",
					"options": {
						"raw": {
							"language": "json"
						}
					}
				},
				"url": {
					"raw": "{{url}}/groups/5000",
					"host": [
						"{{url}}"
					],
					"path": [
						"groups",
						"5000"
					]
				}
			},
			"response": []
		},
		{
			"name": "Create a New Venue for a Group By Id",
			"event": [
				{
					"listen": "prerequest",
					"script": {
						"exec": [
							""
						],
						"type": "text/javascript"
					}
				},
				{
					"listen": "test",
					"script": {
						"exec": [
							"const responseJson = pm.response.json();",
							"postman.setEnvironmentVariable('venueId', responseJson.id)"
						],
						"type": "text/javascript"
					}
				}
			],
			"request": {
				"method": "POST",
				"header": [
					{
						"key": "XSRF-TOKEN",
						"value": "{{xsrftoken}}",
						"type": "text"
					}
				],
				"body": {
					"mode": "raw",
					"raw": "{\n  \"address\": \"123 Disney Lane\",\n  \"city\": \"New York\",\n  \"state\": \"NY\",\n  \"lat\": 37.7645358,\n  \"lng\": -122.4730327\n}",
					"options": {
						"raw": {
							"language": "json"
						}
					}
				},
				"url": {
					"raw": "{{url}}/groups/{{groupId}}/venues",
					"host": [
						"{{url}}"
					],
					"path": [
						"groups",
						"{{groupId}}",
						"venues"
					]
				}
			},
			"response": []
		},
		{
			"name": "Create a New Venue for a Group By Id - Error Check Invalid Id",
			"event": [
				{
					"listen": "prerequest",
					"script": {
						"exec": [
							""
						],
						"type": "text/javascript"
					}
				},
				{
					"listen": "test",
					"script": {
						"exec": [
							""
						],
						"type": "text/javascript"
					}
				}
			],
			"request": {
				"method": "POST",
				"header": [
					{
						"key": "XSRF-TOKEN",
						"value": "{{xsrftoken}}",
						"type": "text"
					}
				],
				"body": {
					"mode": "raw",
					"raw": "{\n  \"address\": \"123 Disney Lane\",\n  \"city\": \"New York\",\n  \"state\": \"NY\",\n  \"lat\": 37.7645358,\n  \"lng\": -122.4730327\n}",
					"options": {
						"raw": {
							"language": "json"
						}
					}
				},
				"url": {
					"raw": "{{url}}/groups/5000/venues",
					"host": [
						"{{url}}"
					],
					"path": [
						"groups",
						"5000",
						"venues"
					]
				}
			},
			"response": []
		},
		{
			"name": "Edit a Venue",
			"event": [
				{
					"listen": "prerequest",
					"script": {
						"exec": [
							""
						],
						"type": "text/javascript"
					}
				},
				{
					"listen": "test",
					"script": {
						"exec": [
							""
						],
						"type": "text/javascript"
					}
				}
			],
			"request": {
				"method": "PUT",
				"header": [
					{
						"key": "XSRF-TOKEN",
						"value": "{{xsrftoken}}",
						"type": "text"
					}
				],
				"body": {
					"mode": "raw",
					"raw": "{\n  \"address\": \"NEW LOCATION\",\n  \"city\": \"New York\",\n  \"state\": \"NY\",\n  \"lat\": 37.7645358,\n  \"lng\": -122.4730327\n}",
					"options": {
						"raw": {
							"language": "json"
						}
					}
				},
				"url": {
					"raw": "{{url}}/venues/{{venueId}}",
					"host": [
						"{{url}}"
					],
					"path": [
						"venues",
						"{{venueId}}"
					]
				}
			},
			"response": []
		},
		{
			"name": "Edit a Venue - Error Check Invalid Id",
			"event": [
				{
					"listen": "prerequest",
					"script": {
						"exec": [
							""
						],
						"type": "text/javascript"
					}
				},
				{
					"listen": "test",
					"script": {
						"exec": [
							""
						],
						"type": "text/javascript"
					}
				}
			],
			"request": {
				"method": "PUT",
				"header": [
					{
						"key": "XSRF-TOKEN",
						"value": "{{xsrftoken}}",
						"type": "text"
					}
				],
				"body": {
					"mode": "raw",
					"raw": "{\n  \"address\": \"NEW LOCATION\",\n  \"city\": \"New York\",\n  \"state\": \"NY\",\n  \"lat\": 37.7645358,\n  \"lng\": -122.4730327\n}",
					"options": {
						"raw": {
							"language": "json"
						}
					}
				},
				"url": {
					"raw": "{{url}}/venues/5000",
					"host": [
						"{{url}}"
					],
					"path": [
						"venues",
						"5000"
					]
				}
			},
			"response": []
		},
		{
			"name": "Create an Event by Group Id",
			"event": [
				{
					"listen": "prerequest",
					"script": {
						"exec": [
							""
						],
						"type": "text/javascript"
					}
				},
				{
					"listen": "test",
					"script": {
						"exec": [
							"const responseJson = pm.response.json();",
							"postman.setEnvironmentVariable('eventId', responseJson.id)",
							""
						],
						"type": "text/javascript"
					}
				}
			],
			"request": {
				"method": "POST",
				"header": [
					{
						"key": "XSRF-TOKEN",
						"value": "{{xsrftoken}}",
						"type": "text"
					}
				],
				"body": {
					"mode": "raw",
					"raw": "{\n  \"venueId\": {{venueId}},\n  \"name\": \"Tennis Group First Meet and Greet\",\n  \"type\": \"Online\",\n  \"capacity\": 10,\n  \"price\": 18.50,\n  \"description\": \"The first meet and greet for our group! Come say hello!\",\n  \"startDate\": \"2021-11-19 20:00:00\",\n  \"endDate\": \"2021-11-19 21:00:00\"\n}",
					"options": {
						"raw": {
							"language": "json"
						}
					}
				},
				"url": {
					"raw": "{{url}}/groups/{{groupId}}/events",
					"host": [
						"{{url}}"
					],
					"path": [
						"groups",
						"{{groupId}}",
						"events"
					]
				}
			},
			"response": []
		},
		{
			"name": "Create an Event by Group Id - Error Check Invalid Id",
			"event": [
				{
					"listen": "prerequest",
					"script": {
						"exec": [
							""
						],
						"type": "text/javascript"
					}
				},
				{
					"listen": "test",
					"script": {
						"exec": [
							""
						],
						"type": "text/javascript"
					}
				}
			],
			"request": {
				"method": "POST",
				"header": [
					{
						"key": "XSRF-TOKEN",
						"value": "{{xsrftoken}}",
						"type": "text"
					}
				],
				"body": {
					"mode": "raw",
					"raw": "{\n  \"venueId\": {{venueId}},\n  \"name\": \"Tennis Group First Meet and Greet\",\n  \"type\": \"Online\",\n  \"capacity\": 10,\n  \"price\": 18.50,\n  \"description\": \"The first meet and greet for our group! Come say hello!\",\n  \"startDate\": \"2021-11-19 20:00:00\",\n  \"endDate\": \"2021-11-19 21:00:00\"\n}",
					"options": {
						"raw": {
							"language": "json"
						}
					}
				},
				"url": {
					"raw": "{{url}}/groups/5000/events",
					"host": [
						"{{url}}"
					],
					"path": [
						"groups",
						"5000",
						"events"
					]
				}
			},
			"response": []
		},
		{
			"name": "Add an Image to an Event",
			"event": [
				{
					"listen": "prerequest",
					"script": {
						"exec": [
							""
						],
						"type": "text/javascript"
					}
				},
				{
					"listen": "test",
					"script": {
						"exec": [
							"const responseJson = pm.response.json();",
							"postman.setEnvironmentVariable('eventImageId', responseJson.id)",
							""
						],
						"type": "text/javascript"
					}
				}
			],
			"request": {
				"method": "POST",
				"header": [
					{
						"key": "XSRF-TOKEN",
						"value": "{{xsrftoken}}",
						"type": "text"
					}
				],
				"body": {
					"mode": "raw",
					"raw": "{\n  \"url\": \"image.url\"\n}",
					"options": {
						"raw": {
							"language": "json"
						}
					}
				},
				"url": {
					"raw": "{{url}}/events/{{eventId}}/images",
					"host": [
						"{{url}}"
					],
					"path": [
						"events",
						"{{eventId}}",
						"images"
					]
				}
			},
			"response": []
		},
		{
			"name": "Add an Image to an Event - Error Check Invalid Id",
			"event": [
				{
					"listen": "prerequest",
					"script": {
						"exec": [
							""
						],
						"type": "text/javascript"
					}
				},
				{
					"listen": "test",
					"script": {
						"exec": [
							""
						],
						"type": "text/javascript"
					}
				}
			],
			"request": {
				"method": "POST",
				"header": [
					{
						"key": "XSRF-TOKEN",
						"value": "{{xsrftoken}}",
						"type": "text"
					}
				],
				"body": {
					"mode": "raw",
					"raw": "{\n  \"url\": \"image.url\"\n}",
					"options": {
						"raw": {
							"language": "json"
						}
					}
				},
				"url": {
					"raw": "{{url}}/events/5000/images",
					"host": [
						"{{url}}"
					],
					"path": [
						"events",
						"5000",
						"images"
					]
				}
			},
			"response": []
		},
		{
			"name": "Get All Events",
			"event": [
				{
					"listen": "prerequest",
					"script": {
						"exec": [
							""
						],
						"type": "text/javascript"
					}
				},
				{
					"listen": "test",
					"script": {
						"exec": [
							""
						],
						"type": "text/javascript"
					}
				}
			],
			"protocolProfileBehavior": {
				"disableBodyPruning": true
			},
			"request": {
				"method": "GET",
				"header": [
					{
						"key": "XSRF-TOKEN",
						"value": "{{xsrftoken}}",
						"type": "text"
					}
				],
				"body": {
					"mode": "raw",
					"raw": "",
					"options": {
						"raw": {
							"language": "json"
						}
					}
				},
				"url": {
					"raw": "{{url}}/events",
					"host": [
						"{{url}}"
					],
					"path": [
						"events"
					]
				}
			},
			"response": []
		},
		{
			"name": "Get All Events by Group Id",
			"event": [
				{
					"listen": "prerequest",
					"script": {
						"exec": [
							""
						],
						"type": "text/javascript"
					}
				},
				{
					"listen": "test",
					"script": {
						"exec": [
							""
						],
						"type": "text/javascript"
					}
				}
			],
			"protocolProfileBehavior": {
				"disableBodyPruning": true
			},
			"request": {
				"method": "GET",
				"header": [
					{
						"key": "XSRF-TOKEN",
						"value": "{{xsrftoken}}",
						"type": "text"
					}
				],
				"body": {
					"mode": "raw",
					"raw": "",
					"options": {
						"raw": {
							"language": "json"
						}
					}
				},
				"url": {
					"raw": "{{url}}/groups/{{groupId}}/events",
					"host": [
						"{{url}}"
					],
					"path": [
						"groups",
						"{{groupId}}",
						"events"
					]
				}
			},
			"response": []
		},
		{
			"name": "Get All Events by Group Id - Error Check Invalid Id",
			"event": [
				{
					"listen": "prerequest",
					"script": {
						"exec": [
							""
						],
						"type": "text/javascript"
					}
				},
				{
					"listen": "test",
					"script": {
						"exec": [
							""
						],
						"type": "text/javascript"
					}
				}
			],
			"protocolProfileBehavior": {
				"disableBodyPruning": true
			},
			"request": {
				"method": "GET",
				"header": [
					{
						"key": "XSRF-TOKEN",
						"value": "{{xsrftoken}}",
						"type": "text"
					}
				],
				"body": {
					"mode": "raw",
					"raw": "",
					"options": {
						"raw": {
							"language": "json"
						}
					}
				},
				"url": {
					"raw": "{{url}}/groups/5000/events",
					"host": [
						"{{url}}"
					],
					"path": [
						"groups",
						"5000",
						"events"
					]
				}
			},
			"response": []
		},
		{
			"name": "Get Details of Event By Id",
			"event": [
				{
					"listen": "prerequest",
					"script": {
						"exec": [
							""
						],
						"type": "text/javascript"
					}
				},
				{
					"listen": "test",
					"script": {
						"exec": [
							""
						],
						"type": "text/javascript"
					}
				}
			],
			"protocolProfileBehavior": {
				"disableBodyPruning": true
			},
			"request": {
				"method": "GET",
				"header": [
					{
						"key": "XSRF-TOKEN",
						"value": "{{xsrftoken}}",
						"type": "text"
					}
				],
				"body": {
					"mode": "raw",
					"raw": "",
					"options": {
						"raw": {
							"language": "json"
						}
					}
				},
				"url": {
					"raw": "{{url}}/events/{{eventId}}",
					"host": [
						"{{url}}"
					],
					"path": [
						"events",
						"{{eventId}}"
					]
				}
			},
			"response": []
		},
		{
			"name": "Get Details of Event By Id - Error Check Invalid Id",
			"event": [
				{
					"listen": "prerequest",
					"script": {
						"exec": [
							""
						],
						"type": "text/javascript"
					}
				},
				{
					"listen": "test",
					"script": {
						"exec": [
							""
						],
						"type": "text/javascript"
					}
				}
			],
			"protocolProfileBehavior": {
				"disableBodyPruning": true
			},
			"request": {
				"method": "GET",
				"header": [
					{
						"key": "XSRF-TOKEN",
						"value": "{{xsrftoken}}",
						"type": "text"
					}
				],
				"body": {
					"mode": "raw",
					"raw": "",
					"options": {
						"raw": {
							"language": "json"
						}
					}
				},
				"url": {
					"raw": "{{url}}/events/5000",
					"host": [
						"{{url}}"
					],
					"path": [
						"events",
						"5000"
					]
				}
			},
			"response": []
		},
		{
			"name": "Edit an Event",
			"event": [
				{
					"listen": "prerequest",
					"script": {
						"exec": [
							""
						],
						"type": "text/javascript"
					}
				},
				{
					"listen": "test",
					"script": {
						"exec": [
							""
						],
						"type": "text/javascript"
					}
				}
			],
			"request": {
				"method": "PUT",
				"header": [
					{
						"key": "XSRF-TOKEN",
						"value": "{{xsrftoken}}",
						"type": "text"
					}
				],
				"body": {
					"mode": "raw",
					"raw": "{\n  \"venueId\": {{venueId}},\n  \"name\": \"NEW EVENT NAME\",\n  \"type\": \"Online\",\n  \"capacity\": 10,\n  \"price\": 18.50,\n  \"description\": \"The first meet and greet for our group! Come say hello!\",\n  \"startDate\": \"2021-11-19 20:00:00\",\n  \"endDate\": \"2021-11-19 21:00:00\"\n}",
					"options": {
						"raw": {
							"language": "json"
						}
					}
				},
				"url": {
					"raw": "{{url}}/events/{{eventId}}",
					"host": [
						"{{url}}"
					],
					"path": [
						"events",
						"{{eventId}}"
					]
				}
			},
			"response": []
		},
		{
			"name": "Edit an Event - Error Check Invalid Id",
			"event": [
				{
					"listen": "prerequest",
					"script": {
						"exec": [
							""
						],
						"type": "text/javascript"
					}
				},
				{
					"listen": "test",
					"script": {
						"exec": [
							""
						],
						"type": "text/javascript"
					}
				}
			],
			"request": {
				"method": "PUT",
				"header": [
					{
						"key": "XSRF-TOKEN",
						"value": "{{xsrftoken}}",
						"type": "text"
					}
				],
				"body": {
					"mode": "raw",
					"raw": "{\n  \"venueId\": {{venueId}},\n  \"name\": \"Tennis Group First Meet and Greet\",\n  \"type\": \"Online\",\n  \"capacity\": 10,\n  \"price\": 18.50,\n  \"description\": \"The first meet and greet for our group! Come say hello!\",\n  \"startDate\": \"2021-11-19 20:00:00\",\n  \"endDate\": \"2021-11-19 21:00:00\"\n}",
					"options": {
						"raw": {
							"language": "json"
						}
					}
				},
				"url": {
					"raw": "{{url}}/events/5000",
					"host": [
						"{{url}}"
					],
					"path": [
						"events",
						"5000"
					]
				}
			},
			"response": []
		},
		{
			"name": "Request Membership to a Group",
			"event": [
				{
					"listen": "prerequest",
					"script": {
						"exec": [
							""
						],
						"type": "text/javascript"
					}
				},
				{
					"listen": "test",
					"script": {
						"exec": [
							"const responseJson = pm.response.json();",
							"postman.setEnvironmentVariable('membershipId', responseJson.id)",
							""
						],
						"type": "text/javascript"
					}
				}
			],
			"request": {
				"method": "POST",
				"header": [
					{
						"key": "XSRF-TOKEN",
						"value": "{{xsrftoken}}",
						"type": "text"
					}
				],
				"body": {
					"mode": "raw",
					"raw": "{\n  \"groupId\": {{groupId}},\n  \"memberId\": {{extraUserId}},\n  \"status\": \"pending\"\n}",
					"options": {
						"raw": {
							"language": "json"
						}
					}
				},
				"url": {
					"raw": "{{url}}/groups/{{groupId}}/members",
					"host": [
						"{{url}}"
					],
					"path": [
						"groups",
						"{{groupId}}",
						"members"
					]
				}
			},
			"response": []
		},
		{
			"name": "Request Membership to a Group - Error Check Invalid Id",
			"event": [
				{
					"listen": "prerequest",
					"script": {
						"exec": [
							""
						],
						"type": "text/javascript"
					}
				},
				{
					"listen": "test",
					"script": {
						"exec": [
							""
						],
						"type": "text/javascript"
					}
				}
			],
			"request": {
				"method": "POST",
				"header": [
					{
						"key": "XSRF-TOKEN",
						"value": "{{xsrftoken}}",
						"type": "text"
					}
				],
				"body": {
					"mode": "raw",
					"raw": "{\n  \"groupId\": {{groupId}},\n  \"memberId\": {{extraUserId}},\n  \"status\": \"pending\"\n}",
					"options": {
						"raw": {
							"language": "json"
						}
					}
				},
				"url": {
					"raw": "{{url}}/groups/{{groupId}}/members",
					"host": [
						"{{url}}"
					],
					"path": [
						"groups",
						"{{groupId}}",
						"members"
					]
				}
			},
			"response": []
		},
		{
			"name": "Change Membership Status",
			"event": [
				{
					"listen": "prerequest",
					"script": {
						"exec": [
							""
						],
						"type": "text/javascript"
					}
				},
				{
					"listen": "test",
					"script": {
						"exec": [
							""
						],
						"type": "text/javascript"
					}
				}
			],
			"request": {
				"method": "PUT",
				"header": [
					{
						"key": "XSRF-TOKEN",
						"value": "{{xsrftoken}}",
						"type": "text"
					}
				],
				"body": {
					"mode": "raw",
					"raw": "{\n  \"memberId\": {{extraUserId}},\n  \"status\": \"member\"\n}",
					"options": {
						"raw": {
							"language": "json"
						}
					}
				},
				"url": {
					"raw": "{{url}}/groups/{{groupId}}/members",
					"host": [
						"{{url}}"
					],
					"path": [
						"groups",
						"{{groupId}}",
						"members"
					]
				}
			},
			"response": []
		},
		{
			"name": "Change Membership Status - Error Check Invalid Id",
			"event": [
				{
					"listen": "prerequest",
					"script": {
						"exec": [
							""
						],
						"type": "text/javascript"
					}
				},
				{
					"listen": "test",
					"script": {
						"exec": [
							""
						],
						"type": "text/javascript"
					}
				}
			],
			"request": {
				"method": "PUT",
				"header": [
					{
						"key": "XSRF-TOKEN",
						"value": "{{xsrftoken}}",
						"type": "text"
					}
				],
				"body": {
					"mode": "raw",
					"raw": "{\n  \"memberId\": {{extraUserId}},\n  \"status\": \"member\"\n}",
					"options": {
						"raw": {
							"language": "json"
						}
					}
				},
				"url": {
					"raw": "{{url}}/groups/5000/members",
					"host": [
						"{{url}}"
					],
					"path": [
						"groups",
						"5000",
						"members"
					]
				}
			},
			"response": []
		},
		{
			"name": "Get Members of a Group by Id",
			"event": [
				{
					"listen": "prerequest",
					"script": {
						"exec": [
							""
						],
						"type": "text/javascript"
					}
				},
				{
					"listen": "test",
					"script": {
						"exec": [
							""
						],
						"type": "text/javascript"
					}
				}
			],
			"protocolProfileBehavior": {
				"disableBodyPruning": true
			},
			"request": {
				"method": "GET",
				"header": [
					{
						"key": "XSRF-TOKEN",
						"value": "{{xsrftoken}}",
						"type": "text"
					}
				],
				"body": {
					"mode": "raw",
					"raw": "",
					"options": {
						"raw": {
							"language": "json"
						}
					}
				},
				"url": {
					"raw": "{{url}}/groups/{{groupId}}/members",
					"host": [
						"{{url}}"
					],
					"path": [
						"groups",
						"{{groupId}}",
						"members"
					]
				}
			},
			"response": []
		},
		{
			"name": "Get Members of a Group by Id - Error Check Invalid Id",
			"event": [
				{
					"listen": "prerequest",
					"script": {
						"exec": [
							""
						],
						"type": "text/javascript"
					}
				},
				{
					"listen": "test",
					"script": {
						"exec": [
							""
						],
						"type": "text/javascript"
					}
				}
			],
			"protocolProfileBehavior": {
				"disableBodyPruning": true
			},
			"request": {
				"method": "GET",
				"header": [
					{
						"key": "XSRF-TOKEN",
						"value": "{{xsrftoken}}",
						"type": "text"
					}
				],
				"body": {
					"mode": "raw",
					"raw": "",
					"options": {
						"raw": {
							"language": "json"
						}
					}
				},
				"url": {
					"raw": "{{url}}/groups/5000/members",
					"host": [
						"{{url}}"
					],
					"path": [
						"groups",
						"5000",
						"members"
					]
				}
			},
			"response": []
		},
		{
			"name": "Request Attendance to an Event",
			"event": [
				{
					"listen": "prerequest",
					"script": {
						"exec": [
							""
						],
						"type": "text/javascript"
					}
				},
				{
					"listen": "test",
					"script": {
						"exec": [
							"const responseJson = pm.response.json();",
							"postman.setEnvironmentVariable('attendanceId', responseJson.id)"
						],
						"type": "text/javascript"
					}
				}
			],
			"request": {
				"method": "POST",
				"header": [
					{
						"key": "XSRF-TOKEN",
						"value": "{{xsrftoken}}",
						"type": "text"
					}
				],
				"body": {
					"mode": "raw",
					"raw": "{\n  \"eventId\": {{eventId}},\n  \"userId\": {{userId}},\n  \"status\": \"pending\"\n}",
					"options": {
						"raw": {
							"language": "json"
						}
					}
				},
				"url": {
					"raw": "{{url}}/events/{{eventId}}/attendees",
					"host": [
						"{{url}}"
					],
					"path": [
						"events",
						"{{eventId}}",
						"attendees"
					]
				}
			},
			"response": []
		},
		{
			"name": "Request Attendance to an Event - Error Check Invalid Id",
			"event": [
				{
					"listen": "prerequest",
					"script": {
						"exec": [
							""
						],
						"type": "text/javascript"
					}
				},
				{
					"listen": "test",
					"script": {
						"exec": [
							""
						],
						"type": "text/javascript"
					}
				}
			],
			"request": {
				"method": "POST",
				"header": [
					{
						"key": "XSRF-TOKEN",
						"value": "{{xsrftoken}}",
						"type": "text"
					}
				],
				"body": {
					"mode": "raw",
					"raw": "{\n  \"eventId\": {{eventId}},\n  \"userId\": {{userId}},\n  \"status\": \"pending\"\n}",
					"options": {
						"raw": {
							"language": "json"
						}
					}
				},
				"url": {
					"raw": "{{url}}/events/5000/attendees",
					"host": [
						"{{url}}"
					],
					"path": [
						"events",
						"5000",
						"attendees"
					]
				}
			},
			"response": []
		},
		{
			"name": "Change Attendance Status",
			"event": [
				{
					"listen": "prerequest",
					"script": {
						"exec": [
							""
						],
						"type": "text/javascript"
					}
				},
				{
					"listen": "test",
					"script": {
						"exec": [
							""
						],
						"type": "text/javascript"
					}
				}
			],
			"request": {
				"method": "PUT",
				"header": [
					{
						"key": "XSRF-TOKEN",
						"value": "{{xsrftoken}}",
						"type": "text"
					}
				],
				"body": {
					"mode": "raw",
					"raw": "{\n  \"userId\": {{userId}},\n  \"status\": \"member\"\n}",
					"options": {
						"raw": {
							"language": "json"
						}
					}
				},
				"url": {
					"raw": "{{url}}/events/{{eventId}}/attendees",
					"host": [
						"{{url}}"
					],
					"path": [
						"events",
						"{{eventId}}",
						"attendees"
					]
				}
			},
			"response": []
		},
		{
			"name": "Change Attendance Status - Error Check Invalid Id",
			"event": [
				{
					"listen": "prerequest",
					"script": {
						"exec": [
							""
						],
						"type": "text/javascript"
					}
				},
				{
					"listen": "test",
					"script": {
						"exec": [
							""
						],
						"type": "text/javascript"
					}
				}
			],
			"request": {
				"method": "PUT",
				"header": [
					{
						"key": "XSRF-TOKEN",
						"value": "{{xsrftoken}}",
						"type": "text"
					}
				],
				"body": {
					"mode": "raw",
					"raw": "{\n  \"userId\": {{userId}},\n  \"status\": \"member\"\n}",
					"options": {
						"raw": {
							"language": "json"
						}
					}
				},
				"url": {
					"raw": "{{url}}/events/5000/attendees",
					"host": [
						"{{url}}"
					],
					"path": [
						"events",
						"5000",
						"attendees"
					]
				}
			},
			"response": []
		},
		{
			"name": "Get All Attendees of an Event",
			"event": [
				{
					"listen": "prerequest",
					"script": {
						"exec": [
							""
						],
						"type": "text/javascript"
					}
				},
				{
					"listen": "test",
					"script": {
						"exec": [
							""
						],
						"type": "text/javascript"
					}
				}
			],
			"protocolProfileBehavior": {
				"disableBodyPruning": true
			},
			"request": {
				"method": "GET",
				"header": [
					{
						"key": "XSRF-TOKEN",
						"value": "{{xsrftoken}}",
						"type": "text"
					}
				],
				"body": {
					"mode": "raw",
					"raw": "",
					"options": {
						"raw": {
							"language": "json"
						}
					}
				},
				"url": {
					"raw": "{{url}}/events/{{eventId}}/attendees",
					"host": [
						"{{url}}"
					],
					"path": [
						"events",
						"{{eventId}}",
						"attendees"
					]
				}
			},
			"response": []
		},
		{
			"name": "Get All Attendees of an Event -Error Check Invalid Id",
			"event": [
				{
					"listen": "prerequest",
					"script": {
						"exec": [
							""
						],
						"type": "text/javascript"
					}
				},
				{
					"listen": "test",
					"script": {
						"exec": [
							""
						],
						"type": "text/javascript"
					}
				}
			],
			"protocolProfileBehavior": {
				"disableBodyPruning": true
			},
			"request": {
				"method": "GET",
				"header": [
					{
						"key": "XSRF-TOKEN",
						"value": "{{xsrftoken}}",
						"type": "text"
					}
				],
				"body": {
					"mode": "raw",
					"raw": "",
					"options": {
						"raw": {
							"language": "json"
						}
					}
				},
				"url": {
					"raw": "{{url}}/events/5000/attendees",
					"host": [
						"{{url}}"
					],
					"path": [
						"events",
						"5000",
						"attendees"
					]
				}
			},
			"response": []
		},
		{
			"name": "Delete an Attendance - Send Twice to Error Check Invalid Id",
			"event": [
				{
					"listen": "prerequest",
					"script": {
						"exec": [
							""
						],
						"type": "text/javascript"
					}
				},
				{
					"listen": "test",
					"script": {
						"exec": [
							""
						],
						"type": "text/javascript"
					}
				}
			],
			"request": {
				"method": "DELETE",
				"header": [
					{
						"key": "XSRF-TOKEN",
						"value": "{{xsrftoken}}",
						"type": "text"
					}
				],
				"body": {
					"mode": "raw",
					"raw": "",
					"options": {
						"raw": {
							"language": "json"
						}
					}
				},
				"url": {
					"raw": "{{url}}/events/{{eventId}}/attendees",
					"host": [
						"{{url}}"
					],
					"path": [
						"events",
						"{{eventId}}",
						"attendees"
					]
				}
			},
			"response": []
		},
		{
			"name": "Delete a Membership - Send Twice to Error Check Invalid Id",
			"event": [
				{
					"listen": "prerequest",
					"script": {
						"exec": [
							""
						],
						"type": "text/javascript"
					}
				},
				{
					"listen": "test",
					"script": {
						"exec": [
							""
						],
						"type": "text/javascript"
					}
				}
			],
			"request": {
				"method": "DELETE",
				"header": [
					{
						"key": "XSRF-TOKEN",
						"value": "{{xsrftoken}}",
						"type": "text"
					}
				],
				"body": {
					"mode": "raw",
					"raw": "",
					"options": {
						"raw": {
							"language": "json"
						}
					}
				},
				"url": {
					"raw": "{{url}}/groups/{{groupId}}/members",
					"host": [
						"{{url}}"
					],
					"path": [
						"groups",
						"{{groupId}}",
						"members"
					]
				}
			},
			"response": []
		},
		{
			"name": "Delete an Image - Send Twice to Error Check Invalid Id",
			"event": [
				{
					"listen": "prerequest",
					"script": {
						"exec": [
							""
						],
						"type": "text/javascript"
					}
				},
				{
					"listen": "test",
					"script": {
						"exec": [
							""
						],
						"type": "text/javascript"
					}
				}
			],
			"request": {
				"method": "DELETE",
				"header": [
					{
						"key": "XSRF-TOKEN",
						"value": "{{xsrftoken}}",
						"type": "text"
					}
				],
				"body": {
					"mode": "raw",
					"raw": "",
					"options": {
						"raw": {
							"language": "json"
						}
					}
				},
				"url": {
					"raw": "{{url}}/images/{{groupImageId}}",
					"host": [
						"{{url}}"
					],
					"path": [
						"images",
						"{{groupImageId}}"
					]
				}
			},
			"response": []
		},
		{
			"name": "Delete an Event - Send Twice to Error Check Invalid Id",
			"event": [
				{
					"listen": "prerequest",
					"script": {
						"exec": [
							""
						],
						"type": "text/javascript"
					}
				},
				{
					"listen": "test",
					"script": {
						"exec": [
							""
						],
						"type": "text/javascript"
					}
				}
			],
			"request": {
				"method": "DELETE",
				"header": [
					{
						"key": "XSRF-TOKEN",
						"value": "{{xsrftoken}}",
						"type": "text"
					}
				],
				"body": {
					"mode": "raw",
					"raw": "",
					"options": {
						"raw": {
							"language": "json"
						}
					}
				},
				"url": {
					"raw": "{{url}}/events/{{eventId}}",
					"host": [
						"{{url}}"
					],
					"path": [
						"events",
						"{{eventId}}"
					]
				}
			},
			"response": []
		},
		{
			"name": "Delete a Group - Send Twice to Error Check Invalid Id Copy",
			"event": [
				{
					"listen": "prerequest",
					"script": {
						"exec": [
							""
						],
						"type": "text/javascript"
					}
				},
				{
					"listen": "test",
					"script": {
						"exec": [
							""
						],
						"type": "text/javascript"
					}
				}
			],
			"request": {
				"method": "DELETE",
				"header": [
					{
						"key": "XSRF-TOKEN",
						"value": "{{xsrftoken}}",
						"type": "text"
					}
				],
				"body": {
					"mode": "raw",
					"raw": "",
					"options": {
						"raw": {
							"language": "json"
						}
					}
				},
				"url": {
					"raw": "{{url}}/groups/{{groupId}}",
					"host": [
						"{{url}}"
					],
					"path": [
						"groups",
						"{{groupId}}"
					]
				}
			},
			"response": []
		}
	]
}