{
	"info": {
		"_postman_id": "750b787d-64d1-459f-b86b-16ec2e477c22",
		"name": "SoundCloud_Tests",
		"schema": "https://schema.getpostman.com/json/collection/v2.1.0/collection.json",
		"_exporter_id": "15617080"
	},
	"item": [
		{
			"name": "Get CSRF Token",
			"event": [
				{
					"listen": "test",
					"script": {
						"exec": [
							"var xsrfCookie = postman.getResponseCookie(\"XSRF-TOKEN\"); ",
							"postman.setEnvironmentVariable('xsrftoken', xsrfCookie.value);"
						],
						"type": "text/javascript"
					}
				}
			],
			"request": {
				"method": "GET",
				"header": [],
				"url": {
					"raw": "{{url}}/csrf/restore",
					"host": [
						"{{url}}"
					],
					"path": [
						"csrf",
						"restore"
					]
				}
			},
			"response": []
		},
		{
			"name": "Sign Up",
			"event": [
				{
					"listen": "test",
					"script": {
						"exec": [
							"const responseJson = pm.response.json();",
							"postman.setEnvironmentVariable('userId', responseJson.id)"
						],
						"type": "text/javascript"
					}
				}
			],
			"request": {
				"method": "POST",
				"header": [
					{
						"key": "XSRF-Token",
						"value": "{{xsrftoken}}",
						"type": "text"
					}
				],
				"body": {
					"mode": "raw",
					"raw": "{\n  \"firstName\": \"John\",\n  \"lastName\": \"Smith\",\n  \"email\": \"john.smith@gmail.com\",\n  \"username\": \"johnnysmith\",\n  \"password\": \"secret password\"\n}",
					"options": {
						"raw": {
							"language": "json"
						}
					}
				},
				"url": {
					"raw": "{{url}}/users",
					"host": [
						"{{url}}"
					],
					"path": [
						"users"
					]
				}
			},
			"response": []
		},
		{
			"name": "Sign Up - Error Check for Duplicate Email",
			"event": [
				{
					"listen": "test",
					"script": {
						"exec": [
							""
						],
						"type": "text/javascript"
					}
				}
			],
			"request": {
				"method": "POST",
				"header": [
					{
						"key": "XSRF-Token",
						"value": "{{xsrftoken}}",
						"type": "text"
					}
				],
				"body": {
					"mode": "raw",
					"raw": "{\n  \"firstName\": \"John\",\n  \"lastName\": \"Smith\",\n  \"email\": \"john.smith@gmail.com\",\n  \"username\": \"johnnysmith\",\n  \"password\": \"secret password\"\n}",
					"options": {
						"raw": {
							"language": "json"
						}
					}
				},
				"url": {
					"raw": "{{url}}/users",
					"host": [
						"{{url}}"
					],
					"path": [
						"users"
					]
				}
			},
			"response": []
		},
		{
			"name": "Log In",
			"request": {
				"method": "POST",
				"header": [
					{
						"key": "XSRF-Token",
						"value": "{{xsrftoken}}",
						"type": "text"
					}
				],
				"body": {
					"mode": "raw",
					"raw": "{\n  \"credential\": \"john.smith@gmail.com\",\n  \"password\": \"secret password\"\n}",
					"options": {
						"raw": {
							"language": "json"
						}
					}
				},
				"url": {
					"raw": "{{url}}/session",
					"host": [
						"{{url}}"
					],
					"path": [
						"session"
					]
				}
			},
			"response": []
		},
		{
			"name": "Log In - Error Checking Invalid Credentials",
			"event": [
				{
					"listen": "prerequest",
					"script": {
						"exec": [
							""
						],
						"type": "text/javascript"
					}
				},
				{
					"listen": "test",
					"script": {
						"exec": [
							""
						],
						"type": "text/javascript"
					}
				}
			],
			"request": {
				"method": "POST",
				"header": [
					{
						"key": "XSRF-TOKEN",
						"value": "{{xsrftoken}}",
						"type": "text"
					}
				],
				"body": {
					"mode": "raw",
					"raw": "{\n  \"credential\": \"john.smith@gmail.com\",\n  \"password\": \"wrong password\"\n}",
					"options": {
						"raw": {
							"language": "json"
						}
					}
				},
				"url": {
					"raw": "{{url}}/session",
					"host": [
						"{{url}}"
					],
					"path": [
						"session"
					]
				}
			},
			"response": []
		},
		{
			"name": "Get Current User",
			"event": [
				{
					"listen": "prerequest",
					"script": {
						"exec": [
							""
						],
						"type": "text/javascript"
					}
				},
				{
					"listen": "test",
					"script": {
						"exec": [
							""
						],
						"type": "text/javascript"
					}
				}
			],
			"protocolProfileBehavior": {
				"disableBodyPruning": true
			},
			"request": {
				"method": "GET",
				"header": [
					{
						"key": "XSRF-TOKEN",
						"value": "{{xsrftoken}}",
						"type": "text"
					}
				],
				"body": {
					"mode": "raw",
					"raw": "",
					"options": {
						"raw": {
							"language": "json"
						}
					}
				},
				"url": {
					"raw": "{{url}}/users/current",
					"host": [
						"{{url}}"
					],
					"path": [
						"users",
						"current"
					]
				}
			},
			"response": []
		},
		{
			"name": "Get All Songs",
			"event": [
				{
					"listen": "prerequest",
					"script": {
						"exec": [
							""
						],
						"type": "text/javascript"
					}
				},
				{
					"listen": "test",
					"script": {
						"exec": [
							""
						],
						"type": "text/javascript"
					}
				}
			],
			"protocolProfileBehavior": {
				"disableBodyPruning": true
			},
			"request": {
				"method": "GET",
				"header": [
					{
						"key": "XSRF-TOKEN",
						"value": "{{xsrftoken}}",
						"type": "text"
					}
				],
				"body": {
					"mode": "raw",
					"raw": "",
					"options": {
						"raw": {
							"language": "json"
						}
					}
				},
				"url": {
					"raw": "{{url}}/songs",
					"host": [
						"{{url}}"
					],
					"path": [
						"songs"
					]
				}
			},
			"response": []
		},
		{
			"name": "Create An Album",
			"event": [
				{
					"listen": "prerequest",
					"script": {
						"exec": [
							""
						],
						"type": "text/javascript"
					}
				},
				{
					"listen": "test",
					"script": {
						"exec": [
							"const responseJson = pm.response.json();",
							"postman.setEnvironmentVariable('albumId', responseJson.id)"
						],
						"type": "text/javascript"
					}
				}
			],
			"request": {
				"method": "POST",
				"header": [
					{
						"key": "XSRF-TOKEN",
						"value": "{{xsrftoken}}",
						"type": "text"
					}
				],
				"body": {
					"mode": "raw",
					"raw": "{\n  \"title\": \"Time\",\n  \"description\": \"An album about time.\",\n  \"imageUrl\": \"image.url\"\n}",
					"options": {
						"raw": {
							"language": "json"
						}
					}
				},
				"url": {
					"raw": "{{url}}/albums",
					"host": [
						"{{url}}"
					],
					"path": [
						"albums"
					]
				}
			},
			"response": []
		},
		{
			"name": "Create a Song Based on Album Id",
			"event": [
				{
					"listen": "prerequest",
					"script": {
						"exec": [
							""
						],
						"type": "text/javascript"
					}
				},
				{
					"listen": "test",
					"script": {
						"exec": [
							"const responseJson = pm.response.json();",
							"postman.setEnvironmentVariable('songId', responseJson.id)"
						],
						"type": "text/javascript"
					}
				}
			],
			"request": {
				"method": "POST",
				"header": [
					{
						"key": "XSRF-TOKEN",
						"value": "{{xsrftoken}}",
						"type": "text"
					}
				],
				"body": {
					"mode": "raw",
					"raw": "{\n  \"title\": \"Yesterday\",\n  \"description\": \"A song about the past.\",\n  \"url\": \"audio url\",\n  \"imageUrl\": \"image.url\"\n}",
					"options": {
						"raw": {
							"language": "json"
						}
					}
				},
				"url": {
					"raw": "{{url}}/albums/{{albumId}}/songs",
					"host": [
						"{{url}}"
					],
					"path": [
						"albums",
						"{{albumId}}",
						"songs"
					]
				}
			},
			"response": []
		},
		{
			"name": "Create a Song Based on Album Id - Error Check Invalid Id",
			"event": [
				{
					"listen": "prerequest",
					"script": {
						"exec": [
							""
						],
						"type": "text/javascript"
					}
				},
				{
					"listen": "test",
					"script": {
						"exec": [
							""
						],
						"type": "text/javascript"
					}
				}
			],
			"request": {
				"method": "POST",
				"header": [
					{
						"key": "XSRF-TOKEN",
						"value": "{{xsrftoken}}",
						"type": "text"
					}
				],
				"body": {
					"mode": "raw",
					"raw": "{\n  \"title\": \"Yesterday\",\n  \"description\": \"A song about the past.\",\n  \"url\": \"audio url\",\n  \"imageUrl\": \"image.url\"\n}",
					"options": {
						"raw": {
							"language": "json"
						}
					}
				},
				"url": {
					"raw": "{{url}}/albums/5000/songs",
					"host": [
						"{{url}}"
					],
					"path": [
						"albums",
						"5000",
						"songs"
					]
				}
			},
			"response": []
		},
		{
			"name": "Get All Songs By Current User",
			"event": [
				{
					"listen": "prerequest",
					"script": {
						"exec": [
							""
						],
						"type": "text/javascript"
					}
				},
				{
					"listen": "test",
					"script": {
						"exec": [
							""
						],
						"type": "text/javascript"
					}
				}
			],
			"protocolProfileBehavior": {
				"disableBodyPruning": true
			},
			"request": {
				"method": "GET",
				"header": [
					{
						"key": "XSRF-TOKEN",
						"value": "{{xsrftoken}}",
						"type": "text"
					}
				],
				"body": {
					"mode": "raw",
					"raw": "",
					"options": {
						"raw": {
							"language": "json"
						}
					}
				},
				"url": {
					"raw": "{{url}}/songs/current",
					"host": [
						"{{url}}"
					],
					"path": [
						"songs",
						"current"
					]
				}
			},
			"response": []
		},
		{
			"name": "Get a Song By Id",
			"event": [
				{
					"listen": "prerequest",
					"script": {
						"exec": [
							""
						],
						"type": "text/javascript"
					}
				},
				{
					"listen": "test",
					"script": {
						"exec": [
							""
						],
						"type": "text/javascript"
					}
				}
			],
			"protocolProfileBehavior": {
				"disableBodyPruning": true
			},
			"request": {
				"method": "GET",
				"header": [
					{
						"key": "XSRF-TOKEN",
						"value": "{{xsrftoken}}",
						"type": "text"
					}
				],
				"body": {
					"mode": "raw",
					"raw": "",
					"options": {
						"raw": {
							"language": "json"
						}
					}
				},
				"url": {
					"raw": "{{url}}/songs/{{songId}}",
					"host": [
						"{{url}}"
					],
					"path": [
						"songs",
						"{{songId}}"
					]
				}
			},
			"response": []
		},
		{
			"name": "Get a Song By Id - Error Check Invalid Id",
			"event": [
				{
					"listen": "prerequest",
					"script": {
						"exec": [
							""
						],
						"type": "text/javascript"
					}
				},
				{
					"listen": "test",
					"script": {
						"exec": [
							""
						],
						"type": "text/javascript"
					}
				}
			],
			"protocolProfileBehavior": {
				"disableBodyPruning": true
			},
			"request": {
				"method": "GET",
				"header": [
					{
						"key": "XSRF-TOKEN",
						"value": "{{xsrftoken}}",
						"type": "text"
					}
				],
				"body": {
					"mode": "raw",
					"raw": "",
					"options": {
						"raw": {
							"language": "json"
						}
					}
				},
				"url": {
					"raw": "{{url}}/songs/5000",
					"host": [
						"{{url}}"
					],
					"path": [
						"songs",
						"5000"
					]
				}
			},
			"response": []
		},
		{
			"name": "Edit a Song",
			"event": [
				{
					"listen": "prerequest",
					"script": {
						"exec": [
							""
						],
						"type": "text/javascript"
					}
				},
				{
					"listen": "test",
					"script": {
						"exec": [
							""
						],
						"type": "text/javascript"
					}
				}
			],
			"request": {
				"method": "PUT",
				"header": [
					{
						"key": "XSRF-TOKEN",
						"value": "{{xsrftoken}}",
						"type": "text"
					}
				],
				"body": {
					"mode": "raw",
					"raw": "{\n  \"title\": \"TOMORROW\",\n  \"description\": \"A song about the past.\",\n  \"url\": \"audio url\",\n  \"imageUrl\": \"image.url\"\n}",
					"options": {
						"raw": {
							"language": "json"
						}
					}
				},
				"url": {
					"raw": "{{url}}/songs/{{songId}}",
					"host": [
						"{{url}}"
					],
					"path": [
						"songs",
						"{{songId}}"
					]
				}
			},
			"response": []
		},
		{
			"name": "Edit a Song Copy - Error Check Invalid Id",
			"event": [
				{
					"listen": "prerequest",
					"script": {
						"exec": [
							""
						],
						"type": "text/javascript"
					}
				},
				{
					"listen": "test",
					"script": {
						"exec": [
							""
						],
						"type": "text/javascript"
					}
				}
			],
			"request": {
				"method": "PUT",
				"header": [
					{
						"key": "XSRF-TOKEN",
						"value": "{{xsrftoken}}",
						"type": "text"
					}
				],
				"body": {
					"mode": "raw",
					"raw": "{\n  \"title\": \"Yesterday\",\n  \"description\": \"A song about the past.\",\n  \"url\": \"audio url\",\n  \"imageUrl\": \"image.url\"\n}",
					"options": {
						"raw": {
							"language": "json"
						}
					}
				},
				"url": {
					"raw": "{{url}}/songs/5000",
					"host": [
						"{{url}}"
					],
					"path": [
						"songs",
						"5000"
					]
				}
			},
			"response": []
		},
		{
			"name": "Get All Albums",
			"event": [
				{
					"listen": "prerequest",
					"script": {
						"exec": [
							""
						],
						"type": "text/javascript"
					}
				},
				{
					"listen": "test",
					"script": {
						"exec": [
							""
						],
						"type": "text/javascript"
					}
				}
			],
			"protocolProfileBehavior": {
				"disableBodyPruning": true
			},
			"request": {
				"method": "GET",
				"header": [
					{
						"key": "XSRF-TOKEN",
						"value": "{{xsrftoken}}",
						"type": "text"
					}
				],
				"body": {
					"mode": "raw",
					"raw": "",
					"options": {
						"raw": {
							"language": "json"
						}
					}
				},
				"url": {
					"raw": "{{url}}/albums",
					"host": [
						"{{url}}"
					],
					"path": [
						"albums"
					]
				}
			},
			"response": []
		},
		{
			"name": "Get Albums of Current User",
			"event": [
				{
					"listen": "prerequest",
					"script": {
						"exec": [
							""
						],
						"type": "text/javascript"
					}
				},
				{
					"listen": "test",
					"script": {
						"exec": [
							""
						],
						"type": "text/javascript"
					}
				}
			],
			"protocolProfileBehavior": {
				"disableBodyPruning": true
			},
			"request": {
				"method": "GET",
				"header": [
					{
						"key": "XSRF-TOKEN",
						"value": "{{xsrftoken}}",
						"type": "text"
					}
				],
				"body": {
					"mode": "raw",
					"raw": "",
					"options": {
						"raw": {
							"language": "json"
						}
					}
				},
				"url": {
					"raw": "{{url}}/albums/current",
					"host": [
						"{{url}}"
					],
					"path": [
						"albums",
						"current"
					]
				}
			},
			"response": []
		},
		{
			"name": "Get Details of an Album By Id",
			"event": [
				{
					"listen": "prerequest",
					"script": {
						"exec": [
							""
						],
						"type": "text/javascript"
					}
				},
				{
					"listen": "test",
					"script": {
						"exec": [
							""
						],
						"type": "text/javascript"
					}
				}
			],
			"protocolProfileBehavior": {
				"disableBodyPruning": true
			},
			"request": {
				"method": "GET",
				"header": [
					{
						"key": "XSRF-TOKEN",
						"value": "{{xsrftoken}}",
						"type": "text"
					}
				],
				"body": {
					"mode": "raw",
					"raw": "",
					"options": {
						"raw": {
							"language": "json"
						}
					}
				},
				"url": {
					"raw": "{{url}}/albums/{{albumId}}",
					"host": [
						"{{url}}"
					],
					"path": [
						"albums",
						"{{albumId}}"
					]
				}
			},
			"response": []
		},
		{
			"name": "Get Details of an Album By Id - Error Check Invalid Id",
			"event": [
				{
					"listen": "prerequest",
					"script": {
						"exec": [
							""
						],
						"type": "text/javascript"
					}
				},
				{
					"listen": "test",
					"script": {
						"exec": [
							""
						],
						"type": "text/javascript"
					}
				}
			],
			"protocolProfileBehavior": {
				"disableBodyPruning": true
			},
			"request": {
				"method": "GET",
				"header": [
					{
						"key": "XSRF-TOKEN",
						"value": "{{xsrftoken}}",
						"type": "text"
					}
				],
				"body": {
					"mode": "raw",
					"raw": "",
					"options": {
						"raw": {
							"language": "json"
						}
					}
				},
				"url": {
					"raw": "{{url}}/albums/5000",
					"host": [
						"{{url}}"
					],
					"path": [
						"albums",
						"5000"
					]
				}
			},
			"response": []
		},
		{
			"name": "Edit an Album",
			"event": [
				{
					"listen": "prerequest",
					"script": {
						"exec": [
							""
						],
						"type": "text/javascript"
					}
				},
				{
					"listen": "test",
					"script": {
						"exec": [
							""
						],
						"type": "text/javascript"
					}
				}
			],
			"request": {
				"method": "PUT",
				"header": [
					{
						"key": "XSRF-TOKEN",
						"value": "{{xsrftoken}}",
						"type": "text"
					}
				],
				"body": {
					"mode": "raw",
					"raw": "{\n  \"title\": \"ANOTHER TIME\",\n  \"description\": \"An album about time.\",\n  \"imageUrl\": \"image.url\"\n}",
					"options": {
						"raw": {
							"language": "json"
						}
					}
				},
				"url": {
					"raw": "{{url}}/albums/{{albumId}}",
					"host": [
						"{{url}}"
					],
					"path": [
						"albums",
						"{{albumId}}"
					]
				}
			},
			"response": []
		},
		{
			"name": "Edit an Album Copy - Error Check Invalid Id",
			"event": [
				{
					"listen": "prerequest",
					"script": {
						"exec": [
							""
						],
						"type": "text/javascript"
					}
				},
				{
					"listen": "test",
					"script": {
						"exec": [
							""
						],
						"type": "text/javascript"
					}
				}
			],
			"request": {
				"method": "PUT",
				"header": [
					{
						"key": "XSRF-TOKEN",
						"value": "{{xsrftoken}}",
						"type": "text"
					}
				],
				"body": {
					"mode": "raw",
					"raw": "{\n  \"title\": \"Time\",\n  \"description\": \"An album about time.\",\n  \"imageUrl\": \"image.url\"\n}",
					"options": {
						"raw": {
							"language": "json"
						}
					}
				},
				"url": {
					"raw": "{{url}}/albums/5000",
					"host": [
						"{{url}}"
					],
					"path": [
						"albums",
						"5000"
					]
				}
			},
			"response": []
		},
		{
			"name": "Create a Comment Based on a Song Id",
			"event": [
				{
					"listen": "prerequest",
					"script": {
						"exec": [
							""
						],
						"type": "text/javascript"
					}
				},
				{
					"listen": "test",
					"script": {
						"exec": [
							"const responseJson = pm.response.json();",
							"postman.setEnvironmentVariable('commentId', responseJson.id)"
						],
						"type": "text/javascript"
					}
				}
			],
			"request": {
				"method": "POST",
				"header": [
					{
						"key": "XSRF-TOKEN",
						"value": "{{xsrftoken}}",
						"type": "text"
					}
				],
				"body": {
					"mode": "raw",
					"raw": "{\n  \"body\": \"I love this song!\"\n}",
					"options": {
						"raw": {
							"language": "json"
						}
					}
				},
				"url": {
					"raw": "{{url}}/songs/{{songId}}/comments",
					"host": [
						"{{url}}"
					],
					"path": [
						"songs",
						"{{songId}}",
						"comments"
					]
				}
			},
			"response": []
		},
		{
			"name": "Create a Comment Based on a Song Id - Error Check Invalid Id",
			"event": [
				{
					"listen": "prerequest",
					"script": {
						"exec": [
							""
						],
						"type": "text/javascript"
					}
				},
				{
					"listen": "test",
					"script": {
						"exec": [
							""
						],
						"type": "text/javascript"
					}
				}
			],
			"request": {
				"method": "POST",
				"header": [
					{
						"key": "XSRF-TOKEN",
						"value": "{{xsrftoken}}",
						"type": "text"
					}
				],
				"body": {
					"mode": "raw",
					"raw": "{\n  \"body\": \"I love this song!\"\n}",
					"options": {
						"raw": {
							"language": "json"
						}
					}
				},
				"url": {
					"raw": "{{url}}/songs/5000/comments",
					"host": [
						"{{url}}"
					],
					"path": [
						"songs",
						"5000",
						"comments"
					]
				}
			},
			"response": []
		},
		{
			"name": "Get Comments by Song Id",
			"event": [
				{
					"listen": "prerequest",
					"script": {
						"exec": [
							""
						],
						"type": "text/javascript"
					}
				},
				{
					"listen": "test",
					"script": {
						"exec": [
							""
						],
						"type": "text/javascript"
					}
				}
			],
			"protocolProfileBehavior": {
				"disableBodyPruning": true
			},
			"request": {
				"method": "GET",
				"header": [
					{
						"key": "XSRF-TOKEN",
						"value": "{{xsrftoken}}",
						"type": "text"
					}
				],
				"body": {
					"mode": "raw",
					"raw": "",
					"options": {
						"raw": {
							"language": "json"
						}
					}
				},
				"url": {
					"raw": "{{url}}/songs/{{songId}}/comments",
					"host": [
						"{{url}}"
					],
					"path": [
						"songs",
						"{{songId}}",
						"comments"
					]
				}
			},
			"response": []
		},
		{
			"name": "Get Comments by Song Id - Error Check Invalid Id",
			"event": [
				{
					"listen": "prerequest",
					"script": {
						"exec": [
							""
						],
						"type": "text/javascript"
					}
				},
				{
					"listen": "test",
					"script": {
						"exec": [
							""
						],
						"type": "text/javascript"
					}
				}
			],
			"protocolProfileBehavior": {
				"disableBodyPruning": true
			},
			"request": {
				"method": "GET",
				"header": [
					{
						"key": "XSRF-TOKEN",
						"value": "{{xsrftoken}}",
						"type": "text"
					}
				],
				"body": {
					"mode": "raw",
					"raw": "",
					"options": {
						"raw": {
							"language": "json"
						}
					}
				},
				"url": {
					"raw": "{{url}}/songs/5000/comments",
					"host": [
						"{{url}}"
					],
					"path": [
						"songs",
						"5000",
						"comments"
					]
				}
			},
			"response": []
		},
		{
			"name": "Edit a Comment",
			"event": [
				{
					"listen": "prerequest",
					"script": {
						"exec": [
							""
						],
						"type": "text/javascript"
					}
				},
				{
					"listen": "test",
					"script": {
						"exec": [
							""
						],
						"type": "text/javascript"
					}
				}
			],
			"request": {
				"method": "PUT",
				"header": [
					{
						"key": "XSRF-TOKEN",
						"value": "{{xsrftoken}}",
						"type": "text"
					}
				],
				"body": {
					"mode": "raw",
					"raw": "{\n  \"body\": \"I HATE this song!\"\n}",
					"options": {
						"raw": {
							"language": "json"
						}
					}
				},
				"url": {
					"raw": "{{url}}/comments/{{commentId}}",
					"host": [
						"{{url}}"
					],
					"path": [
						"comments",
						"{{commentId}}"
					]
				}
			},
			"response": []
		},
		{
			"name": "Edit a Comment - Error Check Invalid Id",
			"event": [
				{
					"listen": "prerequest",
					"script": {
						"exec": [
							""
						],
						"type": "text/javascript"
					}
				},
				{
					"listen": "test",
					"script": {
						"exec": [
							""
						],
						"type": "text/javascript"
					}
				}
			],
			"request": {
				"method": "PUT",
				"header": [
					{
						"key": "XSRF-TOKEN",
						"value": "{{xsrftoken}}",
						"type": "text"
					}
				],
				"body": {
					"mode": "raw",
					"raw": "{\n  \"body\": \"I HATE this song!\"\n}",
					"options": {
						"raw": {
							"language": "json"
						}
					}
				},
				"url": {
					"raw": "{{url}}/comments/5000",
					"host": [
						"{{url}}"
					],
					"path": [
						"comments",
						"5000"
					]
				}
			},
			"response": []
		},
		{
			"name": "Delete A Comment - Send Twice to Error Check Invalid Id On Second Request",
			"event": [
				{
					"listen": "prerequest",
					"script": {
						"exec": [
							""
						],
						"type": "text/javascript"
					}
				},
				{
					"listen": "test",
					"script": {
						"exec": [
							""
						],
						"type": "text/javascript"
					}
				}
			],
			"request": {
				"method": "DELETE",
				"header": [
					{
						"key": "XSRF-TOKEN",
						"value": "{{xsrftoken}}",
						"type": "text"
					}
				],
				"body": {
					"mode": "raw",
					"raw": "",
					"options": {
						"raw": {
							"language": "json"
						}
					}
				},
				"url": {
					"raw": "{{url}}/comments/{{commentId}}",
					"host": [
						"{{url}}"
					],
					"path": [
						"comments",
						"{{commentId}}"
					]
				}
			},
			"response": []
		},
		{
			"name": "Get Details of an Artist by Id",
			"event": [
				{
					"listen": "prerequest",
					"script": {
						"exec": [
							""
						],
						"type": "text/javascript"
					}
				},
				{
					"listen": "test",
					"script": {
						"exec": [
							""
						],
						"type": "text/javascript"
					}
				}
			],
			"protocolProfileBehavior": {
				"disableBodyPruning": true
			},
			"request": {
				"method": "GET",
				"header": [
					{
						"key": "XSRF-TOKEN",
						"value": "{{xsrftoken}}",
						"type": "text"
					}
				],
				"body": {
					"mode": "raw",
					"raw": "",
					"options": {
						"raw": {
							"language": "json"
						}
					}
				},
				"url": {
					"raw": "{{url}}/users/{{userId}}",
					"host": [
						"{{url}}"
					],
					"path": [
						"users",
						"{{userId}}"
					]
				}
			},
			"response": []
		},
		{
			"name": "Get Details of an Artist by Id - Error Check Invalid Id",
			"event": [
				{
					"listen": "prerequest",
					"script": {
						"exec": [
							""
						],
						"type": "text/javascript"
					}
				},
				{
					"listen": "test",
					"script": {
						"exec": [
							""
						],
						"type": "text/javascript"
					}
				}
			],
			"protocolProfileBehavior": {
				"disableBodyPruning": true
			},
			"request": {
				"method": "GET",
				"header": [
					{
						"key": "XSRF-TOKEN",
						"value": "{{xsrftoken}}",
						"type": "text"
					}
				],
				"body": {
					"mode": "raw",
					"raw": "",
					"options": {
						"raw": {
							"language": "json"
						}
					}
				},
				"url": {
					"raw": "{{url}}/users/5000",
					"host": [
						"{{url}}"
					],
					"path": [
						"users",
						"5000"
					]
				}
			},
			"response": []
		},
		{
			"name": "Get All Songs of an Artist By Id",
			"event": [
				{
					"listen": "prerequest",
					"script": {
						"exec": [
							""
						],
						"type": "text/javascript"
					}
				},
				{
					"listen": "test",
					"script": {
						"exec": [
							""
						],
						"type": "text/javascript"
					}
				}
			],
			"protocolProfileBehavior": {
				"disableBodyPruning": true
			},
			"request": {
				"method": "GET",
				"header": [
					{
						"key": "XSRF-TOKEN",
						"value": "{{xsrftoken}}",
						"type": "text"
					}
				],
				"body": {
					"mode": "raw",
					"raw": "",
					"options": {
						"raw": {
							"language": "json"
						}
					}
				},
				"url": {
					"raw": "{{url}}/users/{{userId}}/songs",
					"host": [
						"{{url}}"
					],
					"path": [
						"users",
						"{{userId}}",
						"songs"
					]
				}
			},
			"response": []
		},
		{
			"name": "Get All Songs of an Artist By Id - Error Check Invalid Id",
			"event": [
				{
					"listen": "prerequest",
					"script": {
						"exec": [
							""
						],
						"type": "text/javascript"
					}
				},
				{
					"listen": "test",
					"script": {
						"exec": [
							""
						],
						"type": "text/javascript"
					}
				}
			],
			"protocolProfileBehavior": {
				"disableBodyPruning": true
			},
			"request": {
				"method": "GET",
				"header": [
					{
						"key": "XSRF-TOKEN",
						"value": "{{xsrftoken}}",
						"type": "text"
					}
				],
				"body": {
					"mode": "raw",
					"raw": "",
					"options": {
						"raw": {
							"language": "json"
						}
					}
				},
				"url": {
					"raw": "{{url}}/users/5000/songs",
					"host": [
						"{{url}}"
					],
					"path": [
						"users",
						"5000",
						"songs"
					]
				}
			},
			"response": []
		},
		{
			"name": "Create a Playlist",
			"event": [
				{
					"listen": "prerequest",
					"script": {
						"exec": [
							""
						],
						"type": "text/javascript"
					}
				},
				{
					"listen": "test",
					"script": {
						"exec": [
							"const responseJson = pm.response.json();",
							"postman.setEnvironmentVariable('playlistId', responseJson.id)"
						],
						"type": "text/javascript"
					}
				}
			],
			"request": {
				"method": "POST",
				"header": [
					{
						"key": "XSRF-TOKEN",
						"value": "{{xsrftoken}}",
						"type": "text"
					}
				],
				"body": {
					"mode": "raw",
					"raw": "{\n  \"name\": \"Current Favorites\",\n  \"imageUrl\": \"image.url\"\n}",
					"options": {
						"raw": {
							"language": "json"
						}
					}
				},
				"url": {
					"raw": "{{url}}/playlists",
					"host": [
						"{{url}}"
					],
					"path": [
						"playlists"
					]
				}
			},
			"response": []
		},
		{
			"name": "Get All Playlists By User Id",
			"event": [
				{
					"listen": "prerequest",
					"script": {
						"exec": [
							""
						],
						"type": "text/javascript"
					}
				},
				{
					"listen": "test",
					"script": {
						"exec": [
							""
						],
						"type": "text/javascript"
					}
				}
			],
			"protocolProfileBehavior": {
				"disableBodyPruning": true
			},
			"request": {
				"method": "GET",
				"header": [
					{
						"key": "XSRF-TOKEN",
						"value": "{{xsrftoken}}",
						"type": "text"
					}
				],
				"body": {
					"mode": "raw",
					"raw": "",
					"options": {
						"raw": {
							"language": "json"
						}
					}
				},
				"url": {
					"raw": "{{url}}/users/{{userId}}/playlists",
					"host": [
						"{{url}}"
					],
					"path": [
						"users",
						"{{userId}}",
						"playlists"
					]
				}
			},
			"response": []
		},
		{
			"name": "Get All Playlists By User Id - Error Check Invalid Id",
			"event": [
				{
					"listen": "prerequest",
					"script": {
						"exec": [
							""
						],
						"type": "text/javascript"
					}
				},
				{
					"listen": "test",
					"script": {
						"exec": [
							""
						],
						"type": "text/javascript"
					}
				}
			],
			"protocolProfileBehavior": {
				"disableBodyPruning": true
			},
			"request": {
				"method": "GET",
				"header": [
					{
						"key": "XSRF-TOKEN",
						"value": "{{xsrftoken}}",
						"type": "text"
					}
				],
				"body": {
					"mode": "raw",
					"raw": "",
					"options": {
						"raw": {
							"language": "json"
						}
					}
				},
				"url": {
					"raw": "{{url}}/users/5000/playlists",
					"host": [
						"{{url}}"
					],
					"path": [
						"users",
						"5000",
						"playlists"
					]
				}
			},
			"response": []
		},
		{
			"name": "Add a Song to a Playlist",
			"event": [
				{
					"listen": "prerequest",
					"script": {
						"exec": [
							""
						],
						"type": "text/javascript"
					}
				},
				{
					"listen": "test",
					"script": {
						"exec": [
							""
						],
						"type": "text/javascript"
					}
				}
			],
			"request": {
				"method": "POST",
				"header": [
					{
						"key": "XSRF-TOKEN",
						"value": "{{xsrftoken}}",
						"type": "text"
					}
				],
				"body": {
					"mode": "raw",
					"raw": "{\n  \"songId\": {{songId}}\n}",
					"options": {
						"raw": {
							"language": "json"
						}
					}
				},
				"url": {
					"raw": "{{url}}/playlists/{{playlistId}}/songs",
					"host": [
						"{{url}}"
					],
					"path": [
						"playlists",
						"{{playlistId}}",
						"songs"
					]
				}
			},
			"response": []
		},
		{
			"name": "Add a Song to a Playlist - Error Check Invalid Id",
			"event": [
				{
					"listen": "prerequest",
					"script": {
						"exec": [
							""
						],
						"type": "text/javascript"
					}
				},
				{
					"listen": "test",
					"script": {
						"exec": [
							""
						],
						"type": "text/javascript"
					}
				}
			],
			"request": {
				"method": "POST",
				"header": [
					{
						"key": "XSRF-TOKEN",
						"value": "{{xsrftoken}}",
						"type": "text"
					}
				],
				"body": {
					"mode": "raw",
					"raw": "{\n  \"songId\": {{songId}}\n}",
					"options": {
						"raw": {
							"language": "json"
						}
					}
				},
				"url": {
					"raw": "{{url}}/playlists/5000/songs",
					"host": [
						"{{url}}"
					],
					"path": [
						"playlists",
						"5000",
						"songs"
					]
				}
			},
			"response": []
		},
		{
			"name": "Get Details of a Playlist By Id",
			"event": [
				{
					"listen": "prerequest",
					"script": {
						"exec": [
							""
						],
						"type": "text/javascript"
					}
				},
				{
					"listen": "test",
					"script": {
						"exec": [
							""
						],
						"type": "text/javascript"
					}
				}
			],
			"protocolProfileBehavior": {
				"disableBodyPruning": true
			},
			"request": {
				"method": "GET",
				"header": [
					{
						"key": "XSRF-TOKEN",
						"value": "{{xsrftoken}}",
						"type": "text"
					}
				],
				"body": {
					"mode": "raw",
					"raw": "",
					"options": {
						"raw": {
							"language": "json"
						}
					}
				},
				"url": {
					"raw": "{{url}}/playlists/{{playlistId}}",
					"host": [
						"{{url}}"
					],
					"path": [
						"playlists",
						"{{playlistId}}"
					]
				}
			},
			"response": []
		},
		{
			"name": "Get Details of a Playlist By Id - Error Check Invalid Id",
			"event": [
				{
					"listen": "prerequest",
					"script": {
						"exec": [
							""
						],
						"type": "text/javascript"
					}
				},
				{
					"listen": "test",
					"script": {
						"exec": [
							""
						],
						"type": "text/javascript"
					}
				}
			],
			"protocolProfileBehavior": {
				"disableBodyPruning": true
			},
			"request": {
				"method": "GET",
				"header": [
					{
						"key": "XSRF-TOKEN",
						"value": "{{xsrftoken}}",
						"type": "text"
					}
				],
				"body": {
					"mode": "raw",
					"raw": "",
					"options": {
						"raw": {
							"language": "json"
						}
					}
				},
				"url": {
					"raw": "{{url}}/playlists/5000",
					"host": [
						"{{url}}"
					],
					"path": [
						"playlists",
						"5000"
					]
				}
			},
			"response": []
		},
		{
			"name": "Edit a Playlist",
			"event": [
				{
					"listen": "prerequest",
					"script": {
						"exec": [
							""
						],
						"type": "text/javascript"
					}
				},
				{
					"listen": "test",
					"script": {
						"exec": [
							""
						],
						"type": "text/javascript"
					}
				}
			],
			"request": {
				"method": "PUT",
				"header": [
					{
						"key": "XSRF-TOKEN",
						"value": "{{xsrftoken}}",
						"type": "text"
					}
				],
				"body": {
					"mode": "raw",
					"raw": "{\n  \"name\": \"OLD Favorites\",\n  \"imageUrl\": \"image.url\"\n}",
					"options": {
						"raw": {
							"language": "json"
						}
					}
				},
				"url": {
					"raw": "{{url}}/playlists/{{playlistId}}",
					"host": [
						"{{url}}"
					],
					"path": [
						"playlists",
						"{{playlistId}}"
					]
				}
			},
			"response": []
		},
		{
			"name": "Edit a Playlist - Error Check Invalid Id",
			"event": [
				{
					"listen": "prerequest",
					"script": {
						"exec": [
							""
						],
						"type": "text/javascript"
					}
				},
				{
					"listen": "test",
					"script": {
						"exec": [
							""
						],
						"type": "text/javascript"
					}
				}
			],
			"request": {
				"method": "PUT",
				"header": [
					{
						"key": "XSRF-TOKEN",
						"value": "{{xsrftoken}}",
						"type": "text"
					}
				],
				"body": {
					"mode": "raw",
					"raw": "{\n  \"name\": \"OLD Favorites\",\n  \"imageUrl\": \"image.url\"\n}",
					"options": {
						"raw": {
							"language": "json"
						}
					}
				},
				"url": {
					"raw": "{{url}}/playlists/5000",
					"host": [
						"{{url}}"
					],
					"path": [
						"playlists",
						"5000"
					]
				}
			},
			"response": []
		},
		{
			"name": "Get All Playlists by Current User",
			"event": [
				{
					"listen": "prerequest",
					"script": {
						"exec": [
							""
						],
						"type": "text/javascript"
					}
				},
				{
					"listen": "test",
					"script": {
						"exec": [
							""
						],
						"type": "text/javascript"
					}
				}
			],
			"protocolProfileBehavior": {
				"disableBodyPruning": true
			},
			"request": {
				"method": "GET",
				"header": [
					{
						"key": "XSRF-TOKEN",
						"value": "{{xsrftoken}}",
						"type": "text"
					}
				],
				"body": {
					"mode": "raw",
					"raw": "",
					"options": {
						"raw": {
							"language": "json"
						}
					}
				},
				"url": {
					"raw": "{{url}}/playlists/current",
					"host": [
						"{{url}}"
					],
					"path": [
						"playlists",
						"current"
					]
				}
			},
			"response": []
		},
		{
			"name": "Delete A Playlist - Send Twice to Error Check Invalid Id On Second Request",
			"event": [
				{
					"listen": "prerequest",
					"script": {
						"exec": [
							""
						],
						"type": "text/javascript"
					}
				},
				{
					"listen": "test",
					"script": {
						"exec": [
							""
						],
						"type": "text/javascript"
					}
				}
			],
			"request": {
				"method": "DELETE",
				"header": [
					{
						"key": "XSRF-TOKEN",
						"value": "{{xsrftoken}}",
						"type": "text"
					}
				],
				"body": {
					"mode": "raw",
					"raw": "",
					"options": {
						"raw": {
							"language": "json"
						}
					}
				},
				"url": {
					"raw": "{{url}}/playlists/{{playlistId}}",
					"host": [
						"{{url}}"
					],
					"path": [
						"playlists",
						"{{playlistId}}"
					]
				}
			},
			"response": []
		},
		{
			"name": "Delete A Song - Send Twice to Error Check Invalid Id On Second Request",
			"event": [
				{
					"listen": "prerequest",
					"script": {
						"exec": [
							""
						],
						"type": "text/javascript"
					}
				},
				{
					"listen": "test",
					"script": {
						"exec": [
							""
						],
						"type": "text/javascript"
					}
				}
			],
			"request": {
				"method": "DELETE",
				"header": [
					{
						"key": "XSRF-TOKEN",
						"value": "{{xsrftoken}}",
						"type": "text"
					}
				],
				"body": {
					"mode": "raw",
					"raw": "",
					"options": {
						"raw": {
							"language": "json"
						}
					}
				},
				"url": {
					"raw": "{{url}}/songs/{{songId}}",
					"host": [
						"{{url}}"
					],
					"path": [
						"songs",
						"{{songId}}"
					]
				}
			},
			"response": []
		},
		{
			"name": "Delete An Album - Send Twice to Error Check Invalid Id On Second Request",
			"event": [
				{
					"listen": "prerequest",
					"script": {
						"exec": [
							""
						],
						"type": "text/javascript"
					}
				},
				{
					"listen": "test",
					"script": {
						"exec": [
							""
						],
						"type": "text/javascript"
					}
				}
			],
			"request": {
				"method": "DELETE",
				"header": [
					{
						"key": "XSRF-TOKEN",
						"value": "{{xsrftoken}}",
						"type": "text"
					}
				],
				"body": {
					"mode": "raw",
					"raw": "",
					"options": {
						"raw": {
							"language": "json"
						}
					}
				},
				"url": {
					"raw": "{{url}}/albums/{{albumId}}",
					"host": [
						"{{url}}"
					],
					"path": [
						"albums",
						"{{albumId}}"
					]
				}
			},
			"response": []
		},
		{
			"name": "Get All Songs - Page/Size Params",
			"event": [
				{
					"listen": "prerequest",
					"script": {
						"exec": [
							""
						],
						"type": "text/javascript"
					}
				},
				{
					"listen": "test",
					"script": {
						"exec": [
							""
						],
						"type": "text/javascript"
					}
				}
			],
			"protocolProfileBehavior": {
				"disableBodyPruning": true
			},
			"request": {
				"method": "GET",
				"header": [
					{
						"key": "XSRF-TOKEN",
						"value": "{{xsrftoken}}",
						"type": "text"
					}
				],
				"body": {
					"mode": "raw",
					"raw": "",
					"options": {
						"raw": {
							"language": "json"
						}
					}
				},
				"url": {
					"raw": "{{url}}/songs?page=1&size=3",
					"host": [
						"{{url}}"
					],
					"path": [
						"songs"
					],
					"query": [
						{
							"key": "page",
							"value": "1"
						},
						{
							"key": "size",
							"value": "3"
						}
					]
				}
			},
			"response": []
		}
	]
}