{
	"info": {
		"_postman_id": "5f7fb173-a3ed-47ee-bc70-e030cb4f6230",
		"name": "AirBNB_Tests",
		"schema": "https://schema.getpostman.com/json/collection/v2.1.0/collection.json",
		"_exporter_id": "15617080"
	},
	"item": [
		{
			"name": "Get CSRF Token",
			"event": [
				{
					"listen": "test",
					"script": {
						"exec": [
							"var xsrfCookie = postman.getResponseCookie(\"XSRF-TOKEN\"); ",
							"postman.setEnvironmentVariable('xsrftoken', xsrfCookie.value);"
						],
						"type": "text/javascript"
					}
				}
			],
			"request": {
				"method": "GET",
				"header": [],
				"url": {
					"raw": "{{url}}/csrf/restore",
					"host": [
						"{{url}}"
					],
					"path": [
						"csrf",
						"restore"
					]
				}
			},
			"response": []
		},
		{
			"name": "Sign Up - Send Twice to Error Check duplicate emails",
			"event": [
				{
					"listen": "prerequest",
					"script": {
						"exec": [
							""
						],
						"type": "text/javascript"
					}
				},
				{
					"listen": "test",
					"script": {
						"exec": [
							""
						],
						"type": "text/javascript"
					}
				}
			],
			"request": {
				"method": "POST",
				"header": [
					{
						"key": "XSRF-TOKEN",
						"value": "{{xsrftoken}}",
						"type": "text"
					}
				],
				"body": {
					"mode": "raw",
					"raw": "{\n  \"firstName\": \"John\",\n  \"lastName\": \"Smith\",\n  \"email\": \"john.smith@gmail.com\",\n  \"username\": \"johnnysmith\",\n  \"password\": \"secret password\"\n}",
					"options": {
						"raw": {
							"language": "json"
						}
					}
				},
				"url": {
					"raw": "{{url}}/users",
					"host": [
						"{{url}}"
					],
					"path": [
						"users"
					]
				}
			},
			"response": []
		},
		{
			"name": "Log In",
			"event": [
				{
					"listen": "prerequest",
					"script": {
						"exec": [
							""
						],
						"type": "text/javascript"
					}
				},
				{
					"listen": "test",
					"script": {
						"exec": [
							""
						],
						"type": "text/javascript"
					}
				}
			],
			"request": {
				"method": "POST",
				"header": [
					{
						"key": "XSRF-TOKEN",
						"value": "{{xsrftoken}}",
						"type": "text"
					}
				],
				"body": {
					"mode": "raw",
					"raw": "{\n  \"credential\": \"john.smith@gmail.com\",\n  \"password\": \"secret password\"\n}",
					"options": {
						"raw": {
							"language": "json"
						}
					}
				},
				"url": {
					"raw": "{{url}}/session",
					"host": [
						"{{url}}"
					],
					"path": [
						"session"
					]
				}
			},
			"response": []
		},
		{
			"name": "Log In - Error Checking Invalid Credentials",
			"event": [
				{
					"listen": "prerequest",
					"script": {
						"exec": [
							""
						],
						"type": "text/javascript"
					}
				},
				{
					"listen": "test",
					"script": {
						"exec": [
							""
						],
						"type": "text/javascript"
					}
				}
			],
			"request": {
				"method": "POST",
				"header": [
					{
						"key": "XSRF-TOKEN",
						"value": "{{xsrftoken}}",
						"type": "text"
					}
				],
				"body": {
					"mode": "raw",
					"raw": "{\n  \"credential\": \"john.smith@gmail.com\",\n  \"password\": \"wrong password\"\n}",
					"options": {
						"raw": {
							"language": "json"
						}
					}
				},
				"url": {
					"raw": "{{url}}/session",
					"host": [
						"{{url}}"
					],
					"path": [
						"session"
					]
				}
			},
			"response": []
		},
		{
			"name": "Get Current User",
			"event": [
				{
					"listen": "prerequest",
					"script": {
						"exec": [
							""
						],
						"type": "text/javascript"
					}
				},
				{
					"listen": "test",
					"script": {
						"exec": [
							""
						],
						"type": "text/javascript"
					}
				}
			],
			"protocolProfileBehavior": {
				"disableBodyPruning": true
			},
			"request": {
				"method": "GET",
				"header": [
					{
						"key": "XSRF-TOKEN",
						"value": "{{xsrftoken}}",
						"type": "text"
					}
				],
				"body": {
					"mode": "raw",
					"raw": "",
					"options": {
						"raw": {
							"language": "json"
						}
					}
				},
				"url": {
					"raw": "{{url}}/users/current",
					"host": [
						"{{url}}"
					],
					"path": [
						"users",
						"current"
					]
				}
			},
			"response": []
		},
		{
			"name": "Get All Spots",
			"event": [
				{
					"listen": "prerequest",
					"script": {
						"exec": [
							""
						],
						"type": "text/javascript"
					}
				},
				{
					"listen": "test",
					"script": {
						"exec": [
							""
						],
						"type": "text/javascript"
					}
				}
			],
			"protocolProfileBehavior": {
				"disableBodyPruning": true
			},
			"request": {
				"method": "GET",
				"header": [
					{
						"key": "XSRF-TOKEN",
						"value": "{{xsrftoken}}",
						"type": "text"
					}
				],
				"body": {
					"mode": "raw",
					"raw": "",
					"options": {
						"raw": {
							"language": "json"
						}
					}
				},
				"url": {
					"raw": "{{url}}/spots",
					"host": [
						"{{url}}"
					],
					"path": [
						"spots"
					]
				}
			},
			"response": []
		},
		{
			"name": "Create a Spot",
			"event": [
				{
					"listen": "prerequest",
					"script": {
						"exec": [
							""
						],
						"type": "text/javascript"
					}
				},
				{
					"listen": "test",
					"script": {
						"exec": [
							"const responseJson = pm.response.json();",
							"postman.setEnvironmentVariable('spotId', responseJson.id)"
						],
						"type": "text/javascript"
					}
				}
			],
			"request": {
				"method": "POST",
				"header": [
					{
						"key": "XSRF-TOKEN",
						"value": "{{xsrftoken}}",
						"type": "text"
					}
				],
				"body": {
					"mode": "raw",
					"raw": "{\n  \"address\": \"aaa123 Disney Lane\",\n  \"city\": \"San Francisco\",\n  \"state\": \"California\",\n  \"country\": \"United States of America\",\n  \"lat\": 37.7645358,\n  \"lng\": -122.4730327,\n  \"name\": \"App Academy\",\n  \"description\": \"Place where web developers are created\",\n  \"price\": 123\n}",
					"options": {
						"raw": {
							"language": "json"
						}
					}
				},
				"url": {
					"raw": "{{url}}/spots",
					"host": [
						"{{url}}"
					],
					"path": [
						"spots"
					]
				}
			},
			"response": []
		},
		{
			"name": "Create an Image for a Spot",
			"event": [
				{
					"listen": "prerequest",
					"script": {
						"exec": [
							""
						],
						"type": "text/javascript"
					}
				},
				{
					"listen": "test",
					"script": {
						"exec": [
							"const responseJson = pm.response.json();",
							"postman.setEnvironmentVariable('spotImageId', responseJson.id)"
						],
						"type": "text/javascript"
					}
				}
			],
			"request": {
				"method": "POST",
				"header": [
					{
						"key": "XSRF-TOKEN",
						"value": "{{xsrftoken}}",
						"type": "text"
					}
				],
				"body": {
					"mode": "raw",
					"raw": "{\n  \"url\": \"image.url\"\n}",
					"options": {
						"raw": {
							"language": "json"
						}
					}
				},
				"url": {
					"raw": "{{url}}/spots/{{spotId}}/images",
					"host": [
						"{{url}}"
					],
					"path": [
						"spots",
						"{{spotId}}",
						"images"
					]
				}
			},
			"response": []
		},
		{
			"name": "Create an Image for a Spot - Error Check Invalid Spot Id",
			"event": [
				{
					"listen": "prerequest",
					"script": {
						"exec": [
							""
						],
						"type": "text/javascript"
					}
				},
				{
					"listen": "test",
					"script": {
						"exec": [
							""
						],
						"type": "text/javascript"
					}
				}
			],
			"request": {
				"method": "POST",
				"header": [
					{
						"key": "XSRF-TOKEN",
						"value": "{{xsrftoken}}",
						"type": "text"
					}
				],
				"body": {
					"mode": "raw",
					"raw": "{\n  \"url\": \"image.url\"\n}",
					"options": {
						"raw": {
							"language": "json"
						}
					}
				},
				"url": {
					"raw": "{{url}}/spots/5000/images",
					"host": [
						"{{url}}"
					],
					"path": [
						"spots",
						"5000",
						"images"
					]
				}
			},
			"response": []
		},
		{
			"name": "Get Spots of Current User",
			"event": [
				{
					"listen": "prerequest",
					"script": {
						"exec": [
							""
						],
						"type": "text/javascript"
					}
				},
				{
					"listen": "test",
					"script": {
						"exec": [
							""
						],
						"type": "text/javascript"
					}
				}
			],
			"protocolProfileBehavior": {
				"disableBodyPruning": true
			},
			"request": {
				"method": "GET",
				"header": [
					{
						"key": "XSRF-TOKEN",
						"value": "{{xsrftoken}}",
						"type": "text"
					}
				],
				"body": {
					"mode": "raw",
					"raw": "",
					"options": {
						"raw": {
							"language": "json"
						}
					}
				},
				"url": {
					"raw": "{{url}}/spots/current",
					"host": [
						"{{url}}"
					],
					"path": [
						"spots",
						"current"
					]
				}
			},
			"response": []
		},
		{
			"name": "Get Details of a Spot by Id",
			"event": [
				{
					"listen": "prerequest",
					"script": {
						"exec": [
							""
						],
						"type": "text/javascript"
					}
				},
				{
					"listen": "test",
					"script": {
						"exec": [
							""
						],
						"type": "text/javascript"
					}
				}
			],
			"protocolProfileBehavior": {
				"disableBodyPruning": true
			},
			"request": {
				"method": "GET",
				"header": [
					{
						"key": "XSRF-TOKEN",
						"value": "{{xsrftoken}}",
						"type": "text"
					}
				],
				"body": {
					"mode": "raw",
					"raw": "",
					"options": {
						"raw": {
							"language": "json"
						}
					}
				},
				"url": {
					"raw": "{{url}}/spots/{{spotId}}",
					"host": [
						"{{url}}"
					],
					"path": [
						"spots",
						"{{spotId}}"
					]
				}
			},
			"response": []
		},
		{
			"name": "Get Details of a Spot by Id - Error Check Invalid Spot Id",
			"event": [
				{
					"listen": "prerequest",
					"script": {
						"exec": [
							""
						],
						"type": "text/javascript"
					}
				},
				{
					"listen": "test",
					"script": {
						"exec": [
							""
						],
						"type": "text/javascript"
					}
				}
			],
			"protocolProfileBehavior": {
				"disableBodyPruning": true
			},
			"request": {
				"method": "GET",
				"header": [
					{
						"key": "XSRF-TOKEN",
						"value": "{{xsrftoken}}",
						"type": "text"
					}
				],
				"body": {
					"mode": "raw",
					"raw": "",
					"options": {
						"raw": {
							"language": "json"
						}
					}
				},
				"url": {
					"raw": "{{url}}/spots/5000",
					"host": [
						"{{url}}"
					],
					"path": [
						"spots",
						"5000"
					]
				}
			},
			"response": []
		},
		{
			"name": "Edit a Spot",
			"event": [
				{
					"listen": "prerequest",
					"script": {
						"exec": [
							""
						],
						"type": "text/javascript"
					}
				},
				{
					"listen": "test",
					"script": {
						"exec": [
							""
						],
						"type": "text/javascript"
					}
				}
			],
			"request": {
				"method": "PUT",
				"header": [
					{
						"key": "XSRF-TOKEN",
						"value": "{{xsrftoken}}",
						"type": "text"
					}
				],
				"body": {
					"mode": "raw",
					"raw": "{\n  \"address\": \"NEW ADDRESS\",\n  \"city\": \"NEW CITY\",\n  \"state\": \"NEW STATE\",\n  \"country\": \"United States of America\",\n  \"lat\": 37.7645358,\n  \"lng\": -122.4730327,\n  \"name\": \"App Academy\",\n  \"description\": \"Place where web developers are created\",\n  \"price\": 123\n}",
					"options": {
						"raw": {
							"language": "json"
						}
					}
				},
				"url": {
					"raw": "{{url}}/spots/{{spotId}}",
					"host": [
						"{{url}}"
					],
					"path": [
						"spots",
						"{{spotId}}"
					]
				}
			},
			"response": []
		},
		{
			"name": "Edit a Spot - Error Check Invalid Spot Id",
			"event": [
				{
					"listen": "prerequest",
					"script": {
						"exec": [
							""
						],
						"type": "text/javascript"
					}
				},
				{
					"listen": "test",
					"script": {
						"exec": [
							""
						],
						"type": "text/javascript"
					}
				}
			],
			"request": {
				"method": "PUT",
				"header": [
					{
						"key": "XSRF-TOKEN",
						"value": "{{xsrftoken}}",
						"type": "text"
					}
				],
				"body": {
					"mode": "raw",
					"raw": "{\n  \"address\": \"NEW ADDRESS\",\n  \"city\": \"NEW CITY\",\n  \"state\": \"NEW STATE\",\n  \"country\": \"United States of America\",\n  \"lat\": 37.7645358,\n  \"lng\": -122.4730327,\n  \"name\": \"App Academy\",\n  \"description\": \"Place where web developers are created\",\n  \"price\": 123\n}",
					"options": {
						"raw": {
							"language": "json"
						}
					}
				},
				"url": {
					"raw": "{{url}}/spots/5000",
					"host": [
						"{{url}}"
					],
					"path": [
						"spots",
						"5000"
					]
				}
			},
			"response": []
		},
		{
			"name": "Create a Review for a Spot",
			"event": [
				{
					"listen": "prerequest",
					"script": {
						"exec": [
							""
						],
						"type": "text/javascript"
					}
				},
				{
					"listen": "test",
					"script": {
						"exec": [
							"const responseJson = pm.response.json();",
							"postman.setEnvironmentVariable('reviewId', responseJson.id)"
						],
						"type": "text/javascript"
					}
				}
			],
			"request": {
				"method": "POST",
				"header": [
					{
						"key": "XSRF-TOKEN",
						"value": "{{xsrftoken}}",
						"type": "text"
					}
				],
				"body": {
					"mode": "raw",
					"raw": "{\n  \"review\": \"This was an awesome spot!\",\n  \"stars\": 5\n}",
					"options": {
						"raw": {
							"language": "json"
						}
					}
				},
				"url": {
					"raw": "{{url}}/spots/{{spotId}}/reviews",
					"host": [
						"{{url}}"
					],
					"path": [
						"spots",
						"{{spotId}}",
						"reviews"
					]
				}
			},
			"response": []
		},
		{
			"name": "Create a Review for a Spot - Error Check - Previous Review for User/Spot Already Exists",
			"event": [
				{
					"listen": "prerequest",
					"script": {
						"exec": [
							""
						],
						"type": "text/javascript"
					}
				},
				{
					"listen": "test",
					"script": {
						"exec": [
							""
						],
						"type": "text/javascript"
					}
				}
			],
			"request": {
				"method": "POST",
				"header": [
					{
						"key": "XSRF-TOKEN",
						"value": "{{xsrftoken}}",
						"type": "text"
					}
				],
				"body": {
					"mode": "raw",
					"raw": "{\n  \"review\": \"This was an awesome spot!\",\n  \"stars\": 5\n}",
					"options": {
						"raw": {
							"language": "json"
						}
					}
				},
				"url": {
					"raw": "{{url}}/spots/{{spotId}}/reviews",
					"host": [
						"{{url}}"
					],
					"path": [
						"spots",
						"{{spotId}}",
						"reviews"
					]
				}
			},
			"response": []
		},
		{
			"name": "Create a Review for a Spot - Error Check Invalid Spot Id",
			"event": [
				{
					"listen": "prerequest",
					"script": {
						"exec": [
							""
						],
						"type": "text/javascript"
					}
				},
				{
					"listen": "test",
					"script": {
						"exec": [
							"const responseJson = pm.response.json();",
							"postman.setEnvironmentVariable('reviewId', responseJson.id)"
						],
						"type": "text/javascript"
					}
				}
			],
			"request": {
				"method": "POST",
				"header": [
					{
						"key": "XSRF-TOKEN",
						"value": "{{xsrftoken}}",
						"type": "text"
					}
				],
				"body": {
					"mode": "raw",
					"raw": "{\n  \"review\": \"This was an awesome spot!\",\n  \"stars\": 5\n}",
					"options": {
						"raw": {
							"language": "json"
						}
					}
				},
				"url": {
					"raw": "{{url}}/spots/5000/reviews",
					"host": [
						"{{url}}"
					],
					"path": [
						"spots",
						"5000",
						"reviews"
					]
				}
			},
			"response": []
		},
		{
			"name": "Create an Image for a Review",
			"event": [
				{
					"listen": "prerequest",
					"script": {
						"exec": [
							""
						],
						"type": "text/javascript"
					}
				},
				{
					"listen": "test",
					"script": {
						"exec": [
							"const responseJson = pm.response.json();",
							"postman.setEnvironmentVariable('reviewImageId', responseJson.id)"
						],
						"type": "text/javascript"
					}
				}
			],
			"request": {
				"method": "POST",
				"header": [
					{
						"key": "XSRF-TOKEN",
						"value": "{{xsrftoken}}",
						"type": "text"
					}
				],
				"body": {
					"mode": "raw",
					"raw": "{\n  \"url\": \"image.url\"\n}",
					"options": {
						"raw": {
							"language": "json"
						}
					}
				},
				"url": {
					"raw": "{{url}}/reviews/{{reviewId}}/images",
					"host": [
						"{{url}}"
					],
					"path": [
						"reviews",
						"{{reviewId}}",
						"images"
					]
				}
			},
			"response": []
		},
		{
			"name": "Create an Image for a Review  - Error Check Invalid Review Id",
			"event": [
				{
					"listen": "prerequest",
					"script": {
						"exec": [
							""
						],
						"type": "text/javascript"
					}
				},
				{
					"listen": "test",
					"script": {
						"exec": [
							""
						],
						"type": "text/javascript"
					}
				}
			],
			"request": {
				"method": "POST",
				"header": [
					{
						"key": "XSRF-TOKEN",
						"value": "{{xsrftoken}}",
						"type": "text"
					}
				],
				"body": {
					"mode": "raw",
					"raw": "{\n  \"url\": \"image.url\"\n}",
					"options": {
						"raw": {
							"language": "json"
						}
					}
				},
				"url": {
					"raw": "{{url}}/reviews/5000/images",
					"host": [
						"{{url}}"
					],
					"path": [
						"reviews",
						"5000",
						"images"
					]
				}
			},
			"response": []
		},
		{
			"name": "Get Reviews of Current User",
			"event": [
				{
					"listen": "prerequest",
					"script": {
						"exec": [
							""
						],
						"type": "text/javascript"
					}
				},
				{
					"listen": "test",
					"script": {
						"exec": [
							""
						],
						"type": "text/javascript"
					}
				}
			],
			"protocolProfileBehavior": {
				"disableBodyPruning": true
			},
			"request": {
				"method": "GET",
				"header": [
					{
						"key": "XSRF-TOKEN",
						"value": "{{xsrftoken}}",
						"type": "text"
					}
				],
				"body": {
					"mode": "raw",
					"raw": "",
					"options": {
						"raw": {
							"language": "json"
						}
					}
				},
				"url": {
					"raw": "{{url}}/reviews/current",
					"host": [
						"{{url}}"
					],
					"path": [
						"reviews",
						"current"
					]
				}
			},
			"response": []
		},
		{
			"name": "Get Reviews by Spot Id",
			"event": [
				{
					"listen": "prerequest",
					"script": {
						"exec": [
							""
						],
						"type": "text/javascript"
					}
				},
				{
					"listen": "test",
					"script": {
						"exec": [
							""
						],
						"type": "text/javascript"
					}
				}
			],
			"protocolProfileBehavior": {
				"disableBodyPruning": true
			},
			"request": {
				"method": "GET",
				"header": [
					{
						"key": "XSRF-TOKEN",
						"value": "{{xsrftoken}}",
						"type": "text"
					}
				],
				"body": {
					"mode": "raw",
					"raw": "",
					"options": {
						"raw": {
							"language": "json"
						}
					}
				},
				"url": {
					"raw": "{{url}}/spots/{{spotId}}/reviews",
					"host": [
						"{{url}}"
					],
					"path": [
						"spots",
						"{{spotId}}",
						"reviews"
					]
				}
			},
			"response": []
		},
		{
			"name": "Get Reviews by Spot Id - Error Check Invalid Id",
			"event": [
				{
					"listen": "prerequest",
					"script": {
						"exec": [
							""
						],
						"type": "text/javascript"
					}
				},
				{
					"listen": "test",
					"script": {
						"exec": [
							""
						],
						"type": "text/javascript"
					}
				}
			],
			"protocolProfileBehavior": {
				"disableBodyPruning": true
			},
			"request": {
				"method": "GET",
				"header": [
					{
						"key": "XSRF-TOKEN",
						"value": "{{xsrftoken}}",
						"type": "text"
					}
				],
				"body": {
					"mode": "raw",
					"raw": "",
					"options": {
						"raw": {
							"language": "json"
						}
					}
				},
				"url": {
					"raw": "{{url}}/spots/5000/reviews",
					"host": [
						"{{url}}"
					],
					"path": [
						"spots",
						"5000",
						"reviews"
					]
				}
			},
			"response": []
		},
		{
			"name": "Edit a Review",
			"event": [
				{
					"listen": "prerequest",
					"script": {
						"exec": [
							""
						],
						"type": "text/javascript"
					}
				},
				{
					"listen": "test",
					"script": {
						"exec": [
							""
						],
						"type": "text/javascript"
					}
				}
			],
			"request": {
				"method": "PUT",
				"header": [
					{
						"key": "XSRF-TOKEN",
						"value": "{{xsrftoken}}",
						"type": "text"
					}
				],
				"body": {
					"mode": "raw",
					"raw": "{\n  \"review\": \"This was an TERRIBLE spot!\",\n  \"stars\": 1\n}",
					"options": {
						"raw": {
							"language": "json"
						}
					}
				},
				"url": {
					"raw": "{{url}}/reviews/{{reviewId}}",
					"host": [
						"{{url}}"
					],
					"path": [
						"reviews",
						"{{reviewId}}"
					]
				}
			},
			"response": []
		},
		{
			"name": "Edit a Review - Error Check Invalid Review Id",
			"event": [
				{
					"listen": "prerequest",
					"script": {
						"exec": [
							""
						],
						"type": "text/javascript"
					}
				},
				{
					"listen": "test",
					"script": {
						"exec": [
							""
						],
						"type": "text/javascript"
					}
				}
			],
			"request": {
				"method": "PUT",
				"header": [
					{
						"key": "XSRF-TOKEN",
						"value": "{{xsrftoken}}",
						"type": "text"
					}
				],
				"body": {
					"mode": "raw",
					"raw": "{\n  \"review\": \"This was an TERRIBLE spot!\",\n  \"stars\": 1\n}",
					"options": {
						"raw": {
							"language": "json"
						}
					}
				},
				"url": {
					"raw": "{{url}}/reviews/5000",
					"host": [
						"{{url}}"
					],
					"path": [
						"reviews",
						"5000"
					]
				}
			},
			"response": []
		},
		{
			"name": "Create a Booking Based on a Spot Id",
			"event": [
				{
					"listen": "prerequest",
					"script": {
						"exec": [
							""
						],
						"type": "text/javascript"
					}
				},
				{
					"listen": "test",
					"script": {
						"exec": [
							"const responseJson = pm.response.json();",
							"postman.setEnvironmentVariable('bookingId', responseJson.id)",
							""
						],
						"type": "text/javascript"
					}
				}
			],
			"request": {
				"method": "POST",
				"header": [
					{
						"key": "XSRF-TOKEN",
						"value": "{{xsrftoken}}",
						"type": "text"
					}
				],
				"body": {
					"mode": "raw",
					"raw": "{\n  \"startDate\": \"2024-12-24\",\n  \"endDate\": \"2024-12-25\"\n}",
					"options": {
						"raw": {
							"language": "json"
						}
					}
				},
				"url": {
					"raw": "{{url}}/spots/{{spotId}}/bookings",
					"host": [
						"{{url}}"
					],
					"path": [
						"spots",
						"{{spotId}}",
						"bookings"
					]
				}
			},
			"response": []
		},
		{
			"name": "Create a Booking Based on a Spot Id - Error Check Existing Booking",
			"event": [
				{
					"listen": "prerequest",
					"script": {
						"exec": [
							""
						],
						"type": "text/javascript"
					}
				},
				{
					"listen": "test",
					"script": {
						"exec": [
							""
						],
						"type": "text/javascript"
					}
				}
			],
			"request": {
				"method": "POST",
				"header": [
					{
						"key": "XSRF-TOKEN",
						"value": "{{xsrftoken}}",
						"type": "text"
					}
				],
				"body": {
					"mode": "raw",
					"raw": "{\n  \"startDate\": \"2024-12-24\",\n  \"endDate\": \"2024-12-25\"\n}",
					"options": {
						"raw": {
							"language": "json"
						}
					}
				},
				"url": {
					"raw": "{{url}}/spots/{{spotId}}/bookings",
					"host": [
						"{{url}}"
					],
					"path": [
						"spots",
						"{{spotId}}",
						"bookings"
					]
				}
			},
			"response": []
		},
		{
			"name": "Create a Booking Based on a Spot Id - Error Check Invalid Spot Id",
			"event": [
				{
					"listen": "prerequest",
					"script": {
						"exec": [
							""
						],
						"type": "text/javascript"
					}
				},
				{
					"listen": "test",
					"script": {
						"exec": [
							""
						],
						"type": "text/javascript"
					}
				}
			],
			"request": {
				"method": "POST",
				"header": [
					{
						"key": "XSRF-TOKEN",
						"value": "{{xsrftoken}}",
						"type": "text"
					}
				],
				"body": {
					"mode": "raw",
					"raw": "{\n  \"startDate\": \"2024-12-24\",\n  \"endDate\": \"2024-12-25\"\n}",
					"options": {
						"raw": {
							"language": "json"
						}
					}
				},
				"url": {
					"raw": "{{url}}/spots/5000/bookings",
					"host": [
						"{{url}}"
					],
					"path": [
						"spots",
						"5000",
						"bookings"
					]
				}
			},
			"response": []
		},
		{
			"name": "Get All Current User's Bookings",
			"event": [
				{
					"listen": "prerequest",
					"script": {
						"exec": [
							""
						],
						"type": "text/javascript"
					}
				},
				{
					"listen": "test",
					"script": {
						"exec": [
							""
						],
						"type": "text/javascript"
					}
				}
			],
			"protocolProfileBehavior": {
				"disableBodyPruning": true
			},
			"request": {
				"method": "GET",
				"header": [
					{
						"key": "XSRF-TOKEN",
						"value": "{{xsrftoken}}",
						"type": "text"
					}
				],
				"body": {
					"mode": "raw",
					"raw": "",
					"options": {
						"raw": {
							"language": "json"
						}
					}
				},
				"url": {
					"raw": "{{url}}/bookings/current",
					"host": [
						"{{url}}"
					],
					"path": [
						"bookings",
						"current"
					]
				}
			},
			"response": []
		},
		{
			"name": "Get All Bookings for a Spot By Id",
			"event": [
				{
					"listen": "prerequest",
					"script": {
						"exec": [
							""
						],
						"type": "text/javascript"
					}
				},
				{
					"listen": "test",
					"script": {
						"exec": [
							""
						],
						"type": "text/javascript"
					}
				}
			],
			"protocolProfileBehavior": {
				"disableBodyPruning": true
			},
			"request": {
				"method": "GET",
				"header": [
					{
						"key": "XSRF-TOKEN",
						"value": "{{xsrftoken}}",
						"type": "text"
					}
				],
				"body": {
					"mode": "raw",
					"raw": "",
					"options": {
						"raw": {
							"language": "json"
						}
					}
				},
				"url": {
					"raw": "{{url}}/spots/{{spotId}}/bookings",
					"host": [
						"{{url}}"
					],
					"path": [
						"spots",
						"{{spotId}}",
						"bookings"
					]
				}
			},
			"response": []
		},
		{
			"name": "Get All Bookings for a Spot By Id - Error Check Invalid Id",
			"event": [
				{
					"listen": "prerequest",
					"script": {
						"exec": [
							""
						],
						"type": "text/javascript"
					}
				},
				{
					"listen": "test",
					"script": {
						"exec": [
							""
						],
						"type": "text/javascript"
					}
				}
			],
			"protocolProfileBehavior": {
				"disableBodyPruning": true
			},
			"request": {
				"method": "GET",
				"header": [
					{
						"key": "XSRF-TOKEN",
						"value": "{{xsrftoken}}",
						"type": "text"
					}
				],
				"body": {
					"mode": "raw",
					"raw": "",
					"options": {
						"raw": {
							"language": "json"
						}
					}
				},
				"url": {
					"raw": "{{url}}/spots/5000/bookings",
					"host": [
						"{{url}}"
					],
					"path": [
						"spots",
						"5000",
						"bookings"
					]
				}
			},
			"response": []
		},
		{
			"name": "Edit a Booking",
			"event": [
				{
					"listen": "prerequest",
					"script": {
						"exec": [
							""
						],
						"type": "text/javascript"
					}
				},
				{
					"listen": "test",
					"script": {
						"exec": [
							""
						],
						"type": "text/javascript"
					}
				}
			],
			"request": {
				"method": "PUT",
				"header": [
					{
						"key": "XSRF-TOKEN",
						"value": "{{xsrftoken}}",
						"type": "text"
					}
				],
				"body": {
					"mode": "raw",
					"raw": "{\n  \"startDate\": \"2024-12-26\",\n  \"endDate\": \"2024-12-27\"\n}",
					"options": {
						"raw": {
							"language": "json"
						}
					}
				},
				"url": {
					"raw": "{{url}}/bookings/{{bookingId}}",
					"host": [
						"{{url}}"
					],
					"path": [
						"bookings",
						"{{bookingId}}"
					]
				}
			},
			"response": []
		},
		{
			"name": "Edit a Booking - Error Check Invalid Booking Id",
			"event": [
				{
					"listen": "prerequest",
					"script": {
						"exec": [
							""
						],
						"type": "text/javascript"
					}
				},
				{
					"listen": "test",
					"script": {
						"exec": [
							""
						],
						"type": "text/javascript"
					}
				}
			],
			"request": {
				"method": "PUT",
				"header": [
					{
						"key": "XSRF-TOKEN",
						"value": "{{xsrftoken}}",
						"type": "text"
					}
				],
				"body": {
					"mode": "raw",
					"raw": "{\n  \"startDate\": \"2024-12-26\",\n  \"endDate\": \"2024-12-27\"\n}",
					"options": {
						"raw": {
							"language": "json"
						}
					}
				},
				"url": {
					"raw": "{{url}}/bookings/5000",
					"host": [
						"{{url}}"
					],
					"path": [
						"bookings",
						"5000"
					]
				}
			},
			"response": []
		},
		{
			"name": "Delete an Image - Send Twice to Error Check Invalid Id On Second Request",
			"event": [
				{
					"listen": "prerequest",
					"script": {
						"exec": [
							""
						],
						"type": "text/javascript"
					}
				},
				{
					"listen": "test",
					"script": {
						"exec": [
							""
						],
						"type": "text/javascript"
					}
				}
			],
			"request": {
				"method": "DELETE",
				"header": [
					{
						"key": "XSRF-TOKEN",
						"value": "{{xsrftoken}}",
						"type": "text"
					}
				],
				"body": {
					"mode": "raw",
					"raw": "",
					"options": {
						"raw": {
							"language": "json"
						}
					}
				},
				"url": {
					"raw": "{{url}}/images/{{reviewImageId}}",
					"host": [
						"{{url}}"
					],
					"path": [
						"images",
						"{{reviewImageId}}"
					]
				}
			},
			"response": []
		},
		{
			"name": "Delete a Booking - Send Twice to Error Check Invalid Id On Second Request",
			"event": [
				{
					"listen": "prerequest",
					"script": {
						"exec": [
							""
						],
						"type": "text/javascript"
					}
				},
				{
					"listen": "test",
					"script": {
						"exec": [
							""
						],
						"type": "text/javascript"
					}
				}
			],
			"request": {
				"method": "DELETE",
				"header": [
					{
						"key": "XSRF-TOKEN",
						"value": "{{xsrftoken}}",
						"type": "text"
					}
				],
				"body": {
					"mode": "raw",
					"raw": "",
					"options": {
						"raw": {
							"language": "json"
						}
					}
				},
				"url": {
					"raw": "{{url}}/bookings/{{bookingId}}",
					"host": [
						"{{url}}"
					],
					"path": [
						"bookings",
						"{{bookingId}}"
					]
				}
			},
			"response": []
		},
		{
			"name": "Delete a Review - Send Twice to Error Check Invalid Id On Second Request",
			"event": [
				{
					"listen": "prerequest",
					"script": {
						"exec": [
							""
						],
						"type": "text/javascript"
					}
				},
				{
					"listen": "test",
					"script": {
						"exec": [
							""
						],
						"type": "text/javascript"
					}
				}
			],
			"request": {
				"method": "DELETE",
				"header": [
					{
						"key": "XSRF-TOKEN",
						"value": "{{xsrftoken}}",
						"type": "text"
					}
				],
				"body": {
					"mode": "raw",
					"raw": "",
					"options": {
						"raw": {
							"language": "json"
						}
					}
				},
				"url": {
					"raw": "{{url}}/reviews/{{reviewId}}",
					"host": [
						"{{url}}"
					],
					"path": [
						"reviews",
						"{{reviewId}}"
					]
				}
			},
			"response": []
		},
		{
			"name": "Delete a Spot - Send Twice to Error Check Invalid Id On Second Request",
			"event": [
				{
					"listen": "prerequest",
					"script": {
						"exec": [
							""
						],
						"type": "text/javascript"
					}
				},
				{
					"listen": "test",
					"script": {
						"exec": [
							""
						],
						"type": "text/javascript"
					}
				}
			],
			"request": {
				"method": "DELETE",
				"header": [
					{
						"key": "XSRF-TOKEN",
						"value": "{{xsrftoken}}",
						"type": "text"
					}
				],
				"body": {
					"mode": "raw",
					"raw": "",
					"options": {
						"raw": {
							"language": "json"
						}
					}
				},
				"url": {
					"raw": "{{url}}/spots/{{spotId}}",
					"host": [
						"{{url}}"
					],
					"path": [
						"spots",
						"{{spotId}}"
					]
				}
			},
			"response": []
		},
		{
			"name": "Get All Spots - Page/Size Params",
			"event": [
				{
					"listen": "prerequest",
					"script": {
						"exec": [
							""
						],
						"type": "text/javascript"
					}
				},
				{
					"listen": "test",
					"script": {
						"exec": [
							""
						],
						"type": "text/javascript"
					}
				}
			],
			"protocolProfileBehavior": {
				"disableBodyPruning": true
			},
			"request": {
				"method": "GET",
				"header": [
					{
						"key": "XSRF-TOKEN",
						"value": "{{xsrftoken}}",
						"type": "text"
					}
				],
				"body": {
					"mode": "raw",
					"raw": "",
					"options": {
						"raw": {
							"language": "json"
						}
					}
				},
				"url": {
					"raw": "{{url}}/spots?page=1&size=3",
					"host": [
						"{{url}}"
					],
					"path": [
						"spots"
					],
					"query": [
						{
							"key": "page",
							"value": "1"
						},
						{
							"key": "size",
							"value": "3"
						}
					]
				}
			},
			"response": []
		}
	]
}